record_no,gm_id,nickname,source_database,redistribution,nga_record_id,earthquake_name,year,station_name,mw,mechanism,rrup_km,vs30_mps,scale_factor,D5_75_s,D5_95_s,cms_period_s,return_period_yr
1,gm001,CMS0.2s_43years_gm001,PEER NGA-West2,No - obtain from PEER NGA-West2 (https://ngawest2.berkeley.edu),12974,30226086,2003,Healdsburg; Fire Station,4.0, strike slip,7.65,377.93,0.83,3.2,5.4,0.2,43
2,gm002,CMS0.2s_43years_gm002,PEER NGA-West2,No - obtain from PEER NGA-West2 (https://ngawest2.berkeley.edu),12991,21305648,2003,Albany; Fire Station No. 1,4.0, strike slip,12.13,299.37,0.61,1.9,4.0,0.2,43
3,gm003,CMS0.2s_43years_gm003,PEER NGA-West2,No - obtain from PEER NGA-West2 (https://ngawest2.berkeley.edu),13714,40219867,2008,Lake Crowley - Hwy 395 Bridge,3.9, Normal Oblique,13.02,305.35,2.02,3.2,8.0,0.2,43
4,gm004,CMS0.2s_43years_gm004,PEER NGA-West2,No - obtain from PEER NGA-West2 (https://ngawest2.berkeley.edu),14108,21549695,2006,Ramage Ranch_ Paso Robles_ CA_ USA,3.8, strike slip,12.02,300.0,1.41,3.5,7.5,0.2,43
5,gm005,CMS0.2s_43years_gm005,PEER NGA-West2,No - obtain from PEER NGA-West2 (https://ngawest2.berkeley.edu),14926,21549979,2006,Hollister - South & Pine,3.7, strike slip,5.32,282.14,0.68,3.9,9.7,0.2,43
6,gm006,CMS0.2s_43years_gm006,PEER NGA-West2,No - obtain from PEER NGA-West2 (https://ngawest2.berkeley.edu),15393,14376612,2008,Colton_ Grape St. and W. Mill,3.99, strike slip,16.15,267.92,2.35,2.5,7.4,0.2,43
7,gm007,CMS0.2s_43years_gm007,PEER NGA-West2,No - obtain from PEER NGA-West2 (https://ngawest2.berkeley.edu),15655,9915709,2003,Thermal Airport,3.87, strike slip,19.82,217.84,3.97,5.6,11.4,0.2,43
8,gm008,CMS0.2s_43years_gm008,PEER NGA-West2,No - obtain from PEER NGA-West2 (https://ngawest2.berkeley.edu),18439,21423530,2004,Parkfield - Gold Hill 1W,4.17, strike slip,19.59,214.43,2.99,9.9,23.8,0.2,43
9,gm009,CMS0.2s_43years_gm009,PEER NGA-West2,No - obtain from PEER NGA-West2 (https://ngawest2.berkeley.edu),18446,21438324,2005,Hog Canyon,3.54, strike slip,13.04,376.0,3.31,4.2,8.1,0.2,43
10,gm0010,CMS0.2s_43years_gm0010,PEER NGA-West2,No - obtain from PEER NGA-West2 (https://ngawest2.berkeley.edu),18800,71336726,2010,Davis St._ Fremont_ CA,4.05, strike slip,19.08,271.26,1.31,5.4,10.1,0.2,43
11,gm001,CMS0.2s_100years_gm001,Local - Chiang Mai,Yes - locally recorded,SANA,Chiang Mai,2022,SANA,4.1, strike slip,10.0,300.0,2.8,,,0.2,100
12,gm002,CMS0.2s_100years_gm002,PEER NGA-West2,No - obtain from PEER NGA-West2 (https://ngawest2.berkeley.edu),99,Hollister-03,1974,Hollister City Hall,5.14, strike slip,9.39,198.77,0.39,3.6,10.9,0.2,100
13,gm003,CMS0.2s_100years_gm003,PEER NGA-West2,No - obtain from PEER NGA-West2 (https://ngawest2.berkeley.edu),229,Anza (Horse Canyon)-01,1980,Rancho De Anza,5.19, strike slip,21.32,329.0,0.66,3.3,5.4,0.2,100
14,gm004,CMS0.2s_100years_gm004,PEER NGA-West2,No - obtain from PEER NGA-West2 (https://ngawest2.berkeley.edu),2020,Gilroy,2002,Gilroy Array #3,4.9, strike slip,9.77,349.85,0.27,2.2,6.1,0.2,100
15,gm005,CMS0.2s_100years_gm005,PEER NGA-West2,No - obtain from PEER NGA-West2 (https://ngawest2.berkeley.edu),2057,Yorba Linda,2002,La Habra,4.265, strike slip,17.35,331.73,1.51,4.3,10.9,0.2,100
16,gm006,CMS0.2s_100years_gm006,PEER NGA-West2,No - obtain from PEER NGA-West2 (https://ngawest2.berkeley.edu),9630,10410337,2009,Los Angeles,4.7, strike slip,17.6,307.46,4.0,3.2,13.5,0.2,100
17,gm007,CMS0.2s_100years_gm007,PEER NGA-West2,No - obtain from PEER NGA-West2 (https://ngawest2.berkeley.edu),10837,14312160,2007,Jensen Filter Plant,4.66, Reverse,12.48,373.07,1.84,3.3,10.1,0.2,100
18,gm008,CMS0.2s_100years_gm008,PEER NGA-West2,No - obtain from PEER NGA-West2 (https://ngawest2.berkeley.edu),11085,21530368,2006,Sonoma,4.5, strike slip,14.01,364.45,1.17,5.2,9.3,0.2,100
19,gm009,CMS0.2s_100years_gm009,PEER NGA-West2,No - obtain from PEER NGA-West2 (https://ngawest2.berkeley.edu),11503,10275733,2007,Corona,4.73, strike slip,18.67,354.82,1.4,3.2,6.5,0.2,100
20,gm0010,CMS0.2s_100years_gm0010,PEER NGA-West2,No - obtain from PEER NGA-West2 (https://ngawest2.berkeley.edu),18496,51182151,2007,Parkfield - Cholame 5W,4.01, strike slip,21.11,236.59,3.44,1.8,8.4,0.2,100
21,gm001,CMS0.2s_225years_gm001,PEER NGA-West2,No - obtain from PEER NGA-West2 (https://ngawest2.berkeley.edu),374,Coalinga-02,1983,Burnett Construction,5.09, Reverse,17.4,352.2,1.4,3.7,6.0,0.2,225
22,gm002,CMS0.2s_225years_gm002,PEER NGA-West2,No - obtain from PEER NGA-West2 (https://ngawest2.berkeley.edu),397,Coalinga-04,1983,Coalinga-14th,5.18, Reverse,13.88,286.41,0.7,2.2,7.3,0.2,225
23,gm003,CMS0.2s_225years_gm003,PEER NGA-West2,No - obtain from PEER NGA-West2 (https://ngawest2.berkeley.edu),2026,Gilroy,2002,Hollister - South & Pine,4.9, strike slip,22.88,282.14,2.58,7.6,24.1,0.2,225
24,gm004,CMS0.2s_225years_gm004,PEER NGA-West2,No - obtain from PEER NGA-West2 (https://ngawest2.berkeley.edu),3691,Whittier Narrows-02,1987,Buena Park - La Palma,5.27, Reverse Oblique,25.42,270.96,0.61,1.0,10.4,0.2,225
25,gm005,CMS0.2s_225years_gm005,PEER NGA-West2,No - obtain from PEER NGA-West2 (https://ngawest2.berkeley.edu),3692,Whittier Narrows-02,1987,Burbank - N Buena Vista,5.27, Reverse Oblique,25.98,320.57,1.25,5.8,11.8,0.2,225
26,gm006,CMS0.2s_225years_gm006,PEER NGA-West2,No - obtain from PEER NGA-West2 (https://ngawest2.berkeley.edu),3697,Whittier Narrows-02,1987,Carson - Water St,5.27, Reverse Oblique,29.09,160.58,2.76,7.6,12.3,0.2,225
27,gm007,CMS0.2s_225years_gm007,PEER NGA-West2,No - obtain from PEER NGA-West2 (https://ngawest2.berkeley.edu),3700,Whittier Narrows-02,1987,Covina - W Badillo,5.27, Reverse Oblique,20.06,324.79,2.04,6.9,13.1,0.2,225
28,gm008,CMS0.2s_225years_gm008,PEER NGA-West2,No - obtain from PEER NGA-West2 (https://ngawest2.berkeley.edu),9560,10410337,2009,Torrance,4.7, strike slip,13.82,319.92,0.79,4.7,11.8,0.2,225
29,gm009,CMS0.2s_225years_gm009,PEER NGA-West2,No - obtain from PEER NGA-West2 (https://ngawest2.berkeley.edu),9573,10410337,2009,Inglewood,4.7, strike slip,10.58,371.97,2.66,3.2,9.9,0.2,225
30,gm0010,CMS0.2s_225years_gm0010,PEER NGA-West2,No - obtain from PEER NGA-West2 (https://ngawest2.berkeley.edu),10863,14312160,2007,Canoga Park,4.66, Reverse,12.0,285.93,2.6,4.2,13.4,0.2,225
31,gm001,CMS0.2s_475years_gm001,PEER NGA-West2,No - obtain from PEER NGA-West2 (https://ngawest2.berkeley.edu),416,Coalinga-06,1983,Coalinga-14th,4.89, Reverse,7.97,286.41,1.02,0.6,7.3,0.2,475
32,gm002,CMS0.2s_475years_gm002,PEER NGA-West2,No - obtain from PEER NGA-West2 (https://ngawest2.berkeley.edu),493,Drama_ Greece,1985,Drama,5.2, Normal Oblique,11.61,324.55,2.52,3.0,5.6,0.2,475
33,gm003,CMS0.2s_475years_gm003,PEER NGA-West2,No - obtain from PEER NGA-West2 (https://ngawest2.berkeley.edu),562,Chalfant Valley-04,1986,Bishop,5.44, strike slip,23.99,303.47,1.33,3.6,16.2,0.2,475
34,gm004,CMS0.2s_475years_gm004,PEER NGA-West2,No - obtain from PEER NGA-West2 (https://ngawest2.berkeley.edu),1670,Northridge-03,1994,Newhall - Fire Sta,5.2, Reverse,7.65,269.14,1.4,3.6,7.4,0.2,475
35,gm005,CMS0.2s_475years_gm005,PEER NGA-West2,No - obtain from PEER NGA-West2 (https://ngawest2.berkeley.edu),1706,Northridge-06,1994,LA - Baldwin Hills,5.28, Reverse,23.94,297.07,2.79,7.3,14.9,0.2,475
36,gm006,CMS0.2s_475years_gm006,PEER NGA-West2,No - obtain from PEER NGA-West2 (https://ngawest2.berkeley.edu),8623,40204628,2007,San Jose,5.45, strike slip,17.66,282.81,2.13,5.6,13.0,0.2,475
37,gm007,CMS0.2s_475years_gm007,PEER NGA-West2,No - obtain from PEER NGA-West2 (https://ngawest2.berkeley.edu),8654,40204628,2007,Sunnyvale,5.45, strike slip,21.87,348.66,3.13,10.8,26.5,0.2,475
38,gm008,CMS0.2s_475years_gm008,PEER NGA-West2,No - obtain from PEER NGA-West2 (https://ngawest2.berkeley.edu),10846,14312160,2007,Northridge,4.66, Reverse,8.44,308.76,2.99,2.7,11.3,0.2,475
39,gm009,CMS0.2s_475years_gm009,PEER NGA-West2,No - obtain from PEER NGA-West2 (https://ngawest2.berkeley.edu),10852,14312160,2007,Newhall - Fire Sta,4.66, Reverse,11.52,269.14,2.06,1.4,5.0,0.2,475
40,gm0010,CMS0.2s_475years_gm0010,PEER NGA-West2,No - obtain from PEER NGA-West2 (https://ngawest2.berkeley.edu),12055,14116972,2005,San Bernardino,4.42, strike slip,8.48,251.443,3.71,2.7,6.1,0.2,475
41,gm001,CMS0.2s_975years_gm001,PEER NGA-West2,No - obtain from PEER NGA-West2 (https://ngawest2.berkeley.edu),257,Mammoth Lakes-08,1980,Cashbaugh (CBR),4.8, strike slip,9.64,337.6,2.01,3.5,10.9,0.2,975
42,gm002,CMS0.2s_975years_gm002,PEER NGA-West2,No - obtain from PEER NGA-West2 (https://ngawest2.berkeley.edu),311,Taiwan SMART1(5),1981,SMART1 O01,5.9, Reverse,28.31,267.67,1.87,3.8,13.7,0.2,975
43,gm003,CMS0.2s_975years_gm003,PEER NGA-West2,No - obtain from PEER NGA-West2 (https://ngawest2.berkeley.edu),396,Coalinga-04,1983,Burnett Construction,5.18, Reverse,14.79,352.2,1.61,4.5,8.8,0.2,975
44,gm004,CMS0.2s_975years_gm004,PEER NGA-West2,No - obtain from PEER NGA-West2 (https://ngawest2.berkeley.edu),543,Chalfant Valley-01,1986,Benton,5.77, strike slip,24.33,370.94,2.97,5.7,18.5,0.2,975
45,gm005,CMS0.2s_975years_gm005,PEER NGA-West2,No - obtain from PEER NGA-West2 (https://ngawest2.berkeley.edu),1681,Northridge-04,1994,Moorpark - Fire Sta,5.93, Reverse Oblique,15.43,341.58,1.8,3.5,10.0,0.2,975
46,gm006,CMS0.2s_975years_gm006,PEER NGA-West2,No - obtain from PEER NGA-West2 (https://ngawest2.berkeley.edu),3561,Taiwan SMART1(5),1981,SMART1 M02,5.9, Reverse,27.12,306.78,1.33,3.2,11.5,0.2,975
47,gm007,CMS0.2s_975years_gm007,PEER NGA-West2,No - obtain from PEER NGA-West2 (https://ngawest2.berkeley.edu),3628,Taiwan SMART1(33),1985,SMART1 O04,5.8, Normal,39.75,288.24,2.92,6.6,11.4,0.2,975
48,gm008,CMS0.2s_975years_gm008,PEER NGA-West2,No - obtain from PEER NGA-West2 (https://ngawest2.berkeley.edu),3731,Whittier Narrows-02,1987,Pacoima Kagel,5.27, Reverse Oblique,36.79,323.76,3.09,4.8,9.5,0.2,975
49,gm009,CMS0.2s_975years_gm009,PEER NGA-West2,No - obtain from PEER NGA-West2 (https://ngawest2.berkeley.edu),8771,14383980,2008,Barre Substation,5.39, Reverse Oblique,26.25,265.59,1.76,9.9,22.28,0.2,975
50,gm0010,CMS0.2s_975years_gm0010,PEER NGA-West2,No - obtain from PEER NGA-West2 (https://ngawest2.berkeley.edu),9552,10410337,2009,Los Angeles,4.7, strike slip,12.71,248.85,2.54,0.6,8.5,0.2,975
51,gm001,CMS0.2s_2475years_gm001,PEER NGA-West2,No - obtain from PEER NGA-West2 (https://ngawest2.berkeley.edu),314,Westmorland,1981,Brawley Airport,5.9, strike slip,15.41,208.71,2.6,3.6,8.8,0.2,2475
52,gm002,CMS0.2s_2475years_gm002,PEER NGA-West2,No - obtain from PEER NGA-West2 (https://ngawest2.berkeley.edu),499,Hollister,1986,Hollister Differential,5.45, strike slip,14.11,215.54,3.19,8.4,20.6,0.2,2475
53,gm003,CMS0.2s_2475years_gm003,PEER NGA-West2,No - obtain from PEER NGA-West2 (https://ngawest2.berkeley.edu),627,Whittier Narrows,1987,LA - Baldwin Hills,5.99, Reverse Oblique,25.94,297.07,1.94,3.9,14.4,0.2,2475
54,gm004,CMS0.2s_2475years_gm004,PEER NGA-West2,No - obtain from PEER NGA-West2 (https://ngawest2.berkeley.edu),695,Whittier Narrows,1987,Sun Valley - Roscoe Blvd,5.99, Reverse Oblique,34.99,320.93,1.34,2.9,8.8,0.2,2475
55,gm005,CMS0.2s_2475years_gm005,PEER NGA-West2,No - obtain from PEER NGA-West2 (https://ngawest2.berkeley.edu),930,Big Bear,1992,San Bernardino,6.46, strike slip,33.79,325.83,2.45,11.7,22.0,0.2,2475
56,gm006,CMS0.2s_2475years_gm006,PEER NGA-West2,No - obtain from PEER NGA-West2 (https://ngawest2.berkeley.edu),947,Northridge,1994,Arcadia - Arcadia,6.69, Reverse,39.73,330.5,3.32,9.8,17.8,0.2,2475
57,gm007,CMS0.2s_2475years_gm007,PEER NGA-West2,No - obtain from PEER NGA-West2 (https://ngawest2.berkeley.edu),1750,Northwest China,1997,Jiashi,5.93, Normal,37.26,240.09,1.3,3.4,17.6,0.2,2475
58,gm008,CMS0.2s_2475years_gm008,PEER NGA-West2,No - obtain from PEER NGA-West2 (https://ngawest2.berkeley.edu),3572,Taiwan,1981,SMART1 O03,5.9, Reverse,26.55,278.32,1.51,2.4,11.9,0.2,2475
59,gm009,CMS0.2s_2475years_gm009,PEER NGA-West2,No - obtain from PEER NGA-West2 (https://ngawest2.berkeley.edu),4276,Friuli Italy,1976,Buia,5.5, Reverse,12.39,310.68,3.38,3.4,7.9,0.2,2475
60,gm0010,CMS0.2s_2475years_gm0010,PEER NGA-West2,No - obtain from PEER NGA-West2 (https://ngawest2.berkeley.edu),8660,40204628,2007,Santa Clara,5.45, strike slip,19.49,273.32,3.94,6.0,19.7,0.2,2475
61,gm001,CMS0.2s_5000years_gm001,PEER NGA-West2,No - obtain from PEER NGA-West2 (https://ngawest2.berkeley.edu),96,Managua_ Nicaragua-02,1972,Managua,5.2, strike slip,4.98,288.77,1.71,2.8,8.1,0.2,5000
62,gm002,CMS0.2s_5000years_gm002,PEER NGA-West2,No - obtain from PEER NGA-West2 (https://ngawest2.berkeley.edu),149,Coyote Lake,1979,Gilroy Array #4,5.74, strike slip,5.7,221.78,2.18,11.0,,0.2,5000
63,gm003,CMS0.2s_5000years_gm003,PEER NGA-West2,No - obtain from PEER NGA-West2 (https://ngawest2.berkeley.edu),191,Imperial Valley-06,1979,Victoria,6.53, strike slip,31.92,242.05,2.1,11.3,34.3,0.2,5000
64,gm004,CMS0.2s_5000years_gm004,PEER NGA-West2,No - obtain from PEER NGA-West2 (https://ngawest2.berkeley.edu),367,Coalinga-01,1983,Pleasant Valley,6.36, Reverse,8.41,257.38,1.59,5.3,11.6,0.2,5000
65,gm005,CMS0.2s_5000years_gm005,PEER NGA-West2,No - obtain from PEER NGA-West2 (https://ngawest2.berkeley.edu),406,Coalinga-05,1983,Coalinga-14th & Elm (Old CHP),5.77, Reverse,10.78,286.41,1.11,8.5,,0.2,5000
66,gm006,CMS0.2s_5000years_gm006,PEER NGA-West2,No - obtain from PEER NGA-West2 (https://ngawest2.berkeley.edu),629,Whittier Narrows-01,1987,LA - Century City,5.99, Reverse Oblique,29.89,277.98,2.73,6.3,17.0,0.2,5000
67,gm007,CMS0.2s_5000years_gm007,PEER NGA-West2,No - obtain from PEER NGA-West2 (https://ngawest2.berkeley.edu),992,Northridge-01,1994,LA Vernon Ave,6.69, Reverse,36.75,283.14,1.97,8.4,15.5,0.2,5000
68,gm008,CMS0.2s_5000years_gm008,PEER NGA-West2,No - obtain from PEER NGA-West2 (https://ngawest2.berkeley.edu),1707,Northridge-06,1994,LA - Century City,5.28, Reverse,19.72,277.98,3.33,3.9,8.7,0.2,5000
69,gm009,CMS0.2s_5000years_gm009,PEER NGA-West2,No - obtain from PEER NGA-West2 (https://ngawest2.berkeley.edu),1752,Northwest China-03,1997,Jiashi,6.1, Normal,17.73,240.09,1.32,3.0,13.5,0.2,5000
70,gm0010,CMS0.2s_5000years_gm0010,PEER NGA-West2,No - obtain from PEER NGA-West2 (https://ngawest2.berkeley.edu),4120,Parkfield-02_ CA,2004,Parkfield - Gold Hill,6.0, strike slip,3.38,290.5,2.17,6.4,12.5,0.2,5000
71,gm001,CMS0.3s_43years_gm001,PEER NGA-West2,No - obtain from PEER NGA-West2 (https://ngawest2.berkeley.edu),13201,10223765,2006,La Quinta,4.11, strike slip,26.09,360.32,3.91,6.7,15.3,0.3,43
72,gm002,CMS0.3s_43years_gm002,PEER NGA-West2,No - obtain from PEER NGA-West2 (https://ngawest2.berkeley.edu),14108,21549695,2006,Ramage Ranch,3.8, strike slip,12.02,300.0,2.94,3.5,7.5,0.3,43
73,gm003,CMS0.3s_43years_gm003,PEER NGA-West2,No - obtain from PEER NGA-West2 (https://ngawest2.berkeley.edu),14179,9968525,2003,Los Alamos County Park,3.69, strike slip,22.35,259.0,3.41,9.9,19.8,0.3,43
74,gm004,CMS0.3s_43years_gm004,PEER NGA-West2,No - obtain from PEER NGA-West2 (https://ngawest2.berkeley.edu),14924,21549979,2006,Hollister,3.7, strike slip,6.93,288.67,1.49,4.4,9.4,0.3,43
75,gm005,CMS0.3s_43years_gm005,PEER NGA-West2,No - obtain from PEER NGA-West2 (https://ngawest2.berkeley.edu),15189,14239184,2006,Riverside Surface,3.9, Normal Oblique,25.62,360.0,3.87,1.1,4.9,0.3,43
76,gm006,CMS0.3s_43years_gm006,PEER NGA-West2,No - obtain from PEER NGA-West2 (https://ngawest2.berkeley.edu),15261,10249565,2007,Colton,3.86, strike slip,18.58,267.92,2.46,1.8,7.3,0.3,43
77,gm007,CMS0.3s_43years_gm007,PEER NGA-West2,No - obtain from PEER NGA-West2 (https://ngawest2.berkeley.edu),18436,21423530,2004,Parkfield,4.17, strike slip,30.94,173.02,2.19,4.7,14.2,0.3,43
78,gm008,CMS0.3s_43years_gm008,PEER NGA-West2,No - obtain from PEER NGA-West2 (https://ngawest2.berkeley.edu),18437,21423530,2004,Parkfield,4.17, strike slip,27.98,178.27,1.67,6.8,16.5,0.3,43
79,gm009,CMS0.3s_43years_gm009,PEER NGA-West2,No - obtain from PEER NGA-West2 (https://ngawest2.berkeley.edu),18789,71336726,2010,Lake Pillsbury,4.05, strike slip,27.36,260.4,3.36,6.1,15.0,0.3,43
80,gm0010,CMS0.3s_43years_gm0010,PEER NGA-West2,No - obtain from PEER NGA-West2 (https://ngawest2.berkeley.edu),21503,51177103,2006,San Francisco,3.6, strike slip,18.66,238.66,2.9,0.5,2.1,0.3,43
81,gm001,CMS0.3s_100years_gm001,PEER NGA-West2,No - obtain from PEER NGA-West2 (https://ngawest2.berkeley.edu),12574,51207740,2008,Alameda,4.1, strike slip,28.59,207.92,2.67,2.6,8.9,0.3,100
82,gm002,CMS0.3s_100years_gm002,PEER NGA-West2,No - obtain from PEER NGA-West2 (https://ngawest2.berkeley.edu),12837,14073800,2004,Cactus City,4.02, strike slip,14.52,370.0,2.81,2.7,5.5,0.3,100
83,gm003,CMS0.3s_100years_gm003,PEER NGA-West2,No - obtain from PEER NGA-West2 (https://ngawest2.berkeley.edu),12991,21305648,2003,Albany,4.0, strike slip,12.13,299.37,2.38,1.9,4.0,0.3,100
84,gm004,CMS0.3s_100years_gm004,PEER NGA-West2,No - obtain from PEER NGA-West2 (https://ngawest2.berkeley.edu),14924,21549979,2006,Hollister,3.7, strike slip,6.93,288.67,2.66,4.4,9.4,0.3,100
85,gm005,CMS0.3s_100years_gm005,PEER NGA-West2,No - obtain from PEER NGA-West2 (https://ngawest2.berkeley.edu),18436,21423530,2004,Parkfield,4.17, strike slip,30.94,173.02,3.91,4.7,14.2,0.3,100
86,gm006,CMS0.3s_100years_gm006,PEER NGA-West2,No - obtain from PEER NGA-West2 (https://ngawest2.berkeley.edu),18495,51182151,2007,Parkfield,4.01, strike slip,15.07,308.87,3.49,3.3,6.2,0.3,100
87,gm007,CMS0.3s_100years_gm007,PEER NGA-West2,No - obtain from PEER NGA-West2 (https://ngawest2.berkeley.edu),18503,51182151,2007,Parkfield,4.01, strike slip,8.8,308.84,1.73,1.9,4.4,0.3,100
88,gm008,CMS0.3s_100years_gm008,PEER NGA-West2,No - obtain from PEER NGA-West2 (https://ngawest2.berkeley.edu),18760,71336726,2010,Mountain View,4.05, strike slip,26.73,286.85,2.57,0.6,3.7,0.3,100
89,gm009,CMS0.3s_100years_gm009,PEER NGA-West2,No - obtain from PEER NGA-West2 (https://ngawest2.berkeley.edu),18917,71337451,2010,Longford,3.73, Reverse Oblique,14.44,290.17,3.8,2.4,4.7,0.3,100
90,gm0010,CMS0.3s_100years_gm0010,PEER NGA-West2,No - obtain from PEER NGA-West2 (https://ngawest2.berkeley.edu),21410,51207740,2008,San Leandro Hills,4.1, strike slip,22.17,378.0,1.33,4.1,5.8,0.3,100
91,gm001,CMS0.3s_225years_gm001,PEER NGA-West2,No - obtain from PEER NGA-West2 (https://ngawest2.berkeley.edu),99,Hollister-03,1974,Hollister City Hall,5.14, strike slip,9.39,198.77,0.66,3.6,10.9,0.3,225
92,gm002,CMS0.3s_225years_gm002,PEER NGA-West2,No - obtain from PEER NGA-West2 (https://ngawest2.berkeley.edu),111,Oroville-04,1975,Up & Down Cafe,4.37, Normal Oblique,12.18,377.25,3.16,2.6,5.9,0.3,225
93,gm003,CMS0.3s_225years_gm003,PEER NGA-West2,No - obtain from PEER NGA-West2 (https://ngawest2.berkeley.edu),197,Imperial Valley-07,1979,El Centro Array,5.01, strike slip,24.84,237.33,2.29,2.3,5.3,0.3,225
94,gm004,CMS0.3s_225years_gm004,PEER NGA-West2,No - obtain from PEER NGA-West2 (https://ngawest2.berkeley.edu),204,Imperial Valley-07,1979,El Centro Array,5.01, strike slip,10.37,203.22,0.41,1.0,6.5,0.3,225
95,gm005,CMS0.3s_225years_gm005,PEER NGA-West2,No - obtain from PEER NGA-West2 (https://ngawest2.berkeley.edu),252,Mammoth Lakes-07,1980,Green Church,4.73, strike slip,5.17,353.2,0.59,1.4,8.2,0.3,225
96,gm006,CMS0.3s_225years_gm006,PEER NGA-West2,No - obtain from PEER NGA-West2 (https://ngawest2.berkeley.edu),396,Coalinga-04,1983,Burnett Construction,5.18, Reverse,14.79,352.2,0.78,4.5,8.8,0.3,225
97,gm007,CMS0.3s_225years_gm007,PEER NGA-West2,No - obtain from PEER NGA-West2 (https://ngawest2.berkeley.edu),6111,Yorba Linda,2002,Pomona,4.265, strike slip,16.8,368.88,3.01,4.2,9.9,0.3,225
98,gm008,CMS0.3s_225years_gm008,PEER NGA-West2,No - obtain from PEER NGA-West2 (https://ngawest2.berkeley.edu),9590,10410337,2009,Long Beach,4.7, strike slip,18.89,270.56,0.8,1.0,3.4,0.3,225
99,gm009,CMS0.3s_225years_gm009,PEER NGA-West2,No - obtain from PEER NGA-West2 (https://ngawest2.berkeley.edu),10845,14312160,2007,Santa Monica,4.66, Reverse,32.44,367.76,2.09,0.8,3.8,0.3,225
100,gm0010,CMS0.3s_225years_gm0010,PEER NGA-West2,No - obtain from PEER NGA-West2 (https://ngawest2.berkeley.edu),10871,14312160,2007,Piru - Church St,4.66, Reverse,19.83,371.58,3.92,3.6,11.0,0.3,225
101,gm001,CMS0.3s_475years_gm001,PEER NGA-West2,No - obtain from PEER NGA-West2 (https://ngawest2.berkeley.edu),204,Imperial Valley-07,1979,El Centro Array #6,5.01, strike slip,10.37,203.22,0.66,1.0,6.5,0.3,475
102,gm002,CMS0.3s_475years_gm002,PEER NGA-West2,No - obtain from PEER NGA-West2 (https://ngawest2.berkeley.edu),229,Anza (Horse Canyon)-01,1980,Rancho De Anza,5.19, strike slip,21.32,329.0,2.35,3.3,5.4,0.3,475
103,gm003,CMS0.3s_475years_gm003,PEER NGA-West2,No - obtain from PEER NGA-West2 (https://ngawest2.berkeley.edu),396,Coalinga-04,1983,Burnett Construction,5.18, Reverse,14.79,352.2,1.27,4.5,8.8,0.3,475
104,gm004,CMS0.3s_475years_gm004,PEER NGA-West2,No - obtain from PEER NGA-West2 (https://ngawest2.berkeley.edu),556,Chalfant Valley-02,1986,McGee Creek,6.19, strike slip,30.11,359.23,3.52,7.0,11.5,0.3,475
105,gm005,CMS0.3s_475years_gm005,PEER NGA-West2,No - obtain from PEER NGA-West2 (https://ngawest2.berkeley.edu),617,Whittier Narrows-01,1987,Featherly Park - Maint,5.99, Reverse Oblique,37.92,367.54,1.13,3.9,9.2,0.3,475
106,gm006,CMS0.3s_475years_gm006,PEER NGA-West2,No - obtain from PEER NGA-West2 (https://ngawest2.berkeley.edu),1674,Northridge-03,1994,Tarzana - Cedar Hill A,5.2, Reverse,19.89,257.21,2.04,12.2,13.0,0.3,475
107,gm007,CMS0.3s_475years_gm007,PEER NGA-West2,No - obtain from PEER NGA-West2 (https://ngawest2.berkeley.edu),3565,Taiwan SMART1(5),1981,SMART1 M06,5.9, Reverse,25.61,308.39,1.28,3.5,13.9,0.3,475
108,gm008,CMS0.3s_475years_gm008,PEER NGA-West2,No - obtain from PEER NGA-West2 (https://ngawest2.berkeley.edu),4259,Ancona-09_ Italy,1972,Ancona-Palombina,4.7, strike slip,13.16,256.0,2.03,4.7,11.6,0.3,475
109,gm009,CMS0.3s_475years_gm009,PEER NGA-West2,No - obtain from PEER NGA-West2 (https://ngawest2.berkeley.edu),9831,51182810,2007,Mammoth Lakes,4.6, strike slip,19.38,317.0,2.12,3.9,9.8,0.3,475
110,gm0010,CMS0.3s_475years_gm0010,PEER NGA-West2,No - obtain from PEER NGA-West2 (https://ngawest2.berkeley.edu),10845,14312160,2007,Santa Monica,4.66, Reverse,32.44,367.76,3.42,0.8,3.8,0.3,475
111,gm001,CMS0.3s_975years_gm001,PEER NGA-West2,No - obtain from PEER NGA-West2 (https://ngawest2.berkeley.edu),149,Coyote Lake,1979,Gilroy Array #4,5.74, strike slip,5.7,221.78,0.88,5.0,11.0,0.3,975
112,gm002,CMS0.3s_975years_gm002,PEER NGA-West2,No - obtain from PEER NGA-West2 (https://ngawest2.berkeley.edu),617,Whittier Narrows-01,1987,Featherly Park,5.99, Reverse Oblique,37.92,367.54,1.73,3.9,9.2,0.3,975
113,gm003,CMS0.3s_975years_gm003,PEER NGA-West2,No - obtain from PEER NGA-West2 (https://ngawest2.berkeley.edu),1644,Sierra Madre,1991,Obregon Park,5.61, Reverse,27.4,349.43,0.89,2.1,8.8,0.3,975
114,gm004,CMS0.3s_975years_gm004,PEER NGA-West2,No - obtain from PEER NGA-West2 (https://ngawest2.berkeley.edu),1674,Northridge-03,1994,Tarzana - Cedar Hill A,5.2, Reverse,19.89,257.21,3.12,12.2,13.0,0.3,975
115,gm005,CMS0.3s_975years_gm005,PEER NGA-West2,No - obtain from PEER NGA-West2 (https://ngawest2.berkeley.edu),1693,Northridge-06,1994,Arleta,5.28, Reverse,12.06,297.71,2.14,4.0,9.4,0.3,975
116,gm006,CMS0.3s_975years_gm006,PEER NGA-West2,No - obtain from PEER NGA-West2 (https://ngawest2.berkeley.edu),1697,Northridge-06,1994,Burbank - N Buena Vista,5.28, Reverse,17.62,320.57,1.49,1.4,3.2,0.3,975
117,gm007,CMS0.3s_975years_gm007,PEER NGA-West2,No - obtain from PEER NGA-West2 (https://ngawest2.berkeley.edu),3830,Yountville,2000,Napa,5.0, strike slip,17.29,331.66,0.87,2.1,5.7,0.3,975
118,gm008,CMS0.3s_975years_gm008,PEER NGA-West2,No - obtain from PEER NGA-West2 (https://ngawest2.berkeley.edu),4259,Ancona-09_ Italy,1972,Ancona-Palombina,4.7, strike slip,13.16,256.0,3.1,4.7,11.6,0.3,975
119,gm009,CMS0.3s_975years_gm009,PEER NGA-West2,No - obtain from PEER NGA-West2 (https://ngawest2.berkeley.edu),4335,Umbria Marche,1997,Assisi-Stallone,5.7, Normal,23.48,376.6,2.0,1.4,4.3,0.3,975
120,gm0010,CMS0.3s_975years_gm0010,PEER NGA-West2,No - obtain from PEER NGA-West2 (https://ngawest2.berkeley.edu),9549,10410337,2009,Long Beach,4.7, strike slip,28.69,226.29,2.67,1.2,6.2,0.3,975
121,gm001,CMS0.3s_2475years_gm001,PEER NGA-West2,No - obtain from PEER NGA-West2 (https://ngawest2.berkeley.edu),391,Coalinga-03,1983,Burnett Construction,5.38, Reverse,13.45,352.2,2.38,4.0,14.8,0.3,2475
122,gm002,CMS0.3s_2475years_gm002,PEER NGA-West2,No - obtain from PEER NGA-West2 (https://ngawest2.berkeley.edu),405,Coalinga-05,1983,Burnett Construction,5.77, Reverse,11.5,352.2,1.42,6.0,9.7,0.3,2475
123,gm003,CMS0.3s_2475years_gm003,PEER NGA-West2,No - obtain from PEER NGA-West2 (https://ngawest2.berkeley.edu),418,Coalinga-07,1983,Coalinga-14th,5.21, Reverse,10.89,286.41,0.65,0.4,2.8,0.3,2475
124,gm004,CMS0.3s_2475years_gm004,PEER NGA-West2,No - obtain from PEER NGA-West2 (https://ngawest2.berkeley.edu),652,Whittier Narrows-01,1987,Lakewood,5.99, Reverse Oblique,26.68,267.35,1.87,5.2,12.0,0.3,2475
125,gm005,CMS0.3s_2475years_gm005,PEER NGA-West2,No - obtain from PEER NGA-West2 (https://ngawest2.berkeley.edu),1141,Dinar_ Turkey,1995,Dinar,6.4, Normal,3.36,219.75,0.84,10.3,16.7,0.3,2475
126,gm006,CMS0.3s_2475years_gm006,PEER NGA-West2,No - obtain from PEER NGA-West2 (https://ngawest2.berkeley.edu),3564,Taiwan SMART1(5),1981,SMART1 M05,5.9, Reverse,25.79,306.38,2.17,3.1,12.4,0.3,2475
127,gm007,CMS0.3s_2475years_gm007,PEER NGA-West2,No - obtain from PEER NGA-West2 (https://ngawest2.berkeley.edu),3565,Taiwan SMART1(5),1981,SMART1 M06,5.9, Reverse,25.61,308.39,2.93,3.5,13.9,0.3,2475
128,gm008,CMS0.3s_2475years_gm008,PEER NGA-West2,No - obtain from PEER NGA-West2 (https://ngawest2.berkeley.edu),3856,Chi-Chi_ Taiwan-04,1999,CHY014,6.2, strike slip,37.91,347.63,2.69,5.6,9.7,0.3,2475
129,gm009,CMS0.3s_2475years_gm009,PEER NGA-West2,No - obtain from PEER NGA-West2 (https://ngawest2.berkeley.edu),4112,Parkfield-02_ CA,2004,Parkfield - Fault Zone 8,6.0, strike slip,3.95,308.84,0.94,4.4,8.5,0.3,2475
130,gm0010,CMS0.3s_2475years_gm0010,PEER NGA-West2,No - obtain from PEER NGA-West2 (https://ngawest2.berkeley.edu),5265,Chuetsu-oki_ Japan,2007,NIG019,6.8, Reverse,23.36,372.33,0.83,8.1,22.8,0.3,2475
131,gm001,CMS0.3s_5000years_gm001,PEER NGA-West2,No - obtain from PEER NGA-West2 (https://ngawest2.berkeley.edu),412,Coalinga-05,1983,Pleasant Valley P.P. - yard,5.77, Reverse,16.05,257.38,1.34,3.4,7.3,0.3,5000
132,gm002,CMS0.3s_5000years_gm002,PEER NGA-West2,No - obtain from PEER NGA-West2 (https://ngawest2.berkeley.edu),418,Coalinga-07,1983,Coalinga-14th & Elm (Old CHP),5.21, Reverse,10.89,286.41,0.8,0.4,2.8,0.3,5000
133,gm003,CMS0.3s_5000years_gm003,PEER NGA-West2,No - obtain from PEER NGA-West2 (https://ngawest2.berkeley.edu),558,Chalfant Valley-02,1986,Zack Brothers Ranch,6.19, strike slip,7.58,316.19,1.04,2.6,8.1,0.3,5000
134,gm004,CMS0.3s_5000years_gm004,PEER NGA-West2,No - obtain from PEER NGA-West2 (https://ngawest2.berkeley.edu),708,Whittier Narrows-02,1987,Altadena - Eaton Canyon,5.27, Reverse Oblique,15.38,375.16,2.67,0.7,3.1,0.3,5000
135,gm005,CMS0.3s_5000years_gm005,PEER NGA-West2,No - obtain from PEER NGA-West2 (https://ngawest2.berkeley.edu),1141,Dinar_ Turkey,1995,Dinar,6.4, Normal,3.36,219.75,1.03,10.3,16.7,0.3,5000
136,gm006,CMS0.3s_5000years_gm006,PEER NGA-West2,No - obtain from PEER NGA-West2 (https://ngawest2.berkeley.edu),1670,Northridge-03,1994,Newhall - Fire Sta,5.2, Reverse,9.35,269.14,3.6,3.6,7.4,0.3,5000
137,gm007,CMS0.3s_5000years_gm007,PEER NGA-West2,No - obtain from PEER NGA-West2 (https://ngawest2.berkeley.edu),3564,Taiwan SMART1(5),1981,SMART1 M05,5.9, Reverse,25.79,306.38,2.67,3.1,12.4,0.3,5000
138,gm008,CMS0.3s_5000years_gm008,PEER NGA-West2,No - obtain from PEER NGA-West2 (https://ngawest2.berkeley.edu),3565,Taiwan SMART1(5),1981,SMART1 M06,5.9, Reverse,25.61,308.39,3.6,3.5,13.9,0.3,5000
139,gm009,CMS0.3s_5000years_gm009,PEER NGA-West2,No - obtain from PEER NGA-West2 (https://ngawest2.berkeley.edu),5265,Chuetsu-oki_ Japan,2007,NIG019,6.8, Reverse,23.36,372.33,1.02,8.1,22.8,0.3,5000
140,gm0010,CMS0.3s_5000years_gm0010,PEER NGA-West2,No - obtain from PEER NGA-West2 (https://ngawest2.berkeley.edu),5620,Iwate_ Japan,2008,IWT012,6.9, Reverse,20.64,264.48,1.66,11.7,30.8,0.3,5000
141,gm001,CMS0.4s_43years_gm001,PEER NGA-West2,No - obtain from PEER NGA-West2 (https://ngawest2.berkeley.edu),252,Mammoth Lakes-07,1980,Green Church,4.73, strike slip,5.17,353.2,0.16,1.4,8.2,0.4,43
142,gm002,CMS0.4s_43years_gm002,PEER NGA-West2,No - obtain from PEER NGA-West2 (https://ngawest2.berkeley.edu),2039,Gilroy,2002,San Juan Bautista_ 24 Polk St,4.9, strike slip,14.51,335.5,0.91,9.5,20.3,0.4,43
143,gm003,CMS0.4s_43years_gm003,PEER NGA-West2,No - obtain from PEER NGA-West2 (https://ngawest2.berkeley.edu),10569,10370141,2009,Riverside - Hwy 91 & Van Buren,4.45, strike slip,27.51,333.31,1.26,4.7,10.6,0.4,43
144,gm004,CMS0.4s_43years_gm004,PEER NGA-West2,No - obtain from PEER NGA-West2 (https://ngawest2.berkeley.edu),10583,10370141,2009,Riverside - Hwy 91 & Central,4.45, strike slip,22.77,323.4,0.75,0.8,3.1,0.4,43
145,gm005,CMS0.4s_43years_gm005,PEER NGA-West2,No - obtain from PEER NGA-West2 (https://ngawest2.berkeley.edu),10587,10370141,2009,Riverside - Limonite & Downey,4.45, strike slip,25.46,329.84,2.49,4.3,11.2,0.4,43
146,gm006,CMS0.4s_43years_gm006,PEER NGA-West2,No - obtain from PEER NGA-West2 (https://ngawest2.berkeley.edu),11495,10275733,2007,Riverside - Hwy 91 & Van Buren,4.73, strike slip,22.72,333.31,0.8,2.8,6.5,0.4,43
147,gm007,CMS0.4s_43years_gm007,PEER NGA-West2,No - obtain from PEER NGA-West2 (https://ngawest2.berkeley.edu),11503,10275733,2007,Corona - Hwy 91 & McKinley,4.73, strike slip,18.67,354.82,1.43,3.2,6.5,0.4,43
148,gm008,CMS0.4s_43years_gm008,PEER NGA-West2,No - obtain from PEER NGA-West2 (https://ngawest2.berkeley.edu),11509,10275733,2007,Corona - California Ave,4.73, strike slip,16.24,334.85,0.43,0.8,2.6,0.4,43
149,gm009,CMS0.4s_43years_gm009,PEER NGA-West2,No - obtain from PEER NGA-West2 (https://ngawest2.berkeley.edu),11699,40234037,2009,San Jose - Hwy 101 & Metcalf Rd,4.3, strike slip,12.39,337.77,0.41,2.4,4.7,0.4,43
150,gm0010,CMS0.4s_43years_gm0010,PEER NGA-West2,No - obtain from PEER NGA-West2 (https://ngawest2.berkeley.edu),12581,51207740,2008,Casto Valley - Chester & Castro Valley,4.1, strike slip,22.95,350.5,2.17,4.6,8.6,0.4,43
151,gm001,CMS0.4s_100years_gm001,PEER NGA-West2,No - obtain from PEER NGA-West2 (https://ngawest2.berkeley.edu),229,Anza (Horse Canyon)-01,1980,Rancho De Anza,5.19, strike slip,21.32,329.0,0.44,3.3,5.4,0.4,100
152,gm002,CMS0.4s_100years_gm002,PEER NGA-West2,No - obtain from PEER NGA-West2 (https://ngawest2.berkeley.edu),2039,Gilroy,2002,San Juan Bautista_ 24 Polk St,4.9, strike slip,14.51,335.5,1.73,9.5,20.3,0.4,100
153,gm003,CMS0.4s_100years_gm003,PEER NGA-West2,No - obtain from PEER NGA-West2 (https://ngawest2.berkeley.edu),9831,51182810,2007,Mammoth Lakes,4.6, strike slip,19.38,317.0,0.65,3.9,9.8,0.4,100
154,gm004,CMS0.4s_100years_gm004,PEER NGA-West2,No - obtain from PEER NGA-West2 (https://ngawest2.berkeley.edu),10569,10370141,2009,Riverside - Hwy 91 & Van Buren,4.45, strike slip,27.51,333.31,2.38,4.7,10.6,0.4,100
155,gm005,CMS0.4s_100years_gm005,PEER NGA-West2,No - obtain from PEER NGA-West2 (https://ngawest2.berkeley.edu),10583,10370141,2009,Riverside - Hwy 91 & Central,4.45, strike slip,22.77,323.4,1.43,0.8,3.1,0.4,100
156,gm006,CMS0.4s_100years_gm006,PEER NGA-West2,No - obtain from PEER NGA-West2 (https://ngawest2.berkeley.edu),11495,10275733,2007,Riverside - Hwy 91 & Van Buren,4.73, strike slip,22.72,333.31,1.51,2.8,6.5,0.4,100
157,gm007,CMS0.4s_100years_gm007,PEER NGA-West2,No - obtain from PEER NGA-West2 (https://ngawest2.berkeley.edu),11503,10275733,2007,Corona - Hwy 91 & McKinley,4.73, strike slip,18.67,354.82,2.71,3.2,6.5,0.4,100
158,gm008,CMS0.4s_100years_gm008,PEER NGA-West2,No - obtain from PEER NGA-West2 (https://ngawest2.berkeley.edu),11509,10275733,2007,Corona - California Ave,4.73, strike slip,16.24,334.85,0.8,0.8,2.6,0.4,100
159,gm009,CMS0.4s_100years_gm009,PEER NGA-West2,No - obtain from PEER NGA-West2 (https://ngawest2.berkeley.edu),11648,51183708,2007,San Juan Bautista_ 24 Polk St,4.2, strike slip,9.42,335.5,2.57,3.3,8.2,0.4,100
160,gm0010,CMS0.4s_100years_gm0010,PEER NGA-West2,No - obtain from PEER NGA-West2 (https://ngawest2.berkeley.edu),11699,40234037,2009,San Jose - Hwy 101 & Metcalf Rd,4.3, strike slip,12.39,337.77,0.78,2.4,4.7,0.4,100
161,gm001,CMS0.4s_225years_gm001,PEER NGA-West2,No - obtain from PEER NGA-West2 (https://ngawest2.berkeley.edu),229,Anza (Horse Canyon)-01,1980,Rancho De Anza,5.19, strike slip,21.32,329.0,0.79,3.3,5.4,0.4,225
162,gm002,CMS0.4s_225years_gm002,PEER NGA-West2,No - obtain from PEER NGA-West2 (https://ngawest2.berkeley.edu),396,Coalinga-04,1983,Burnett Construction,5.18, Reverse,14.79,352.2,0.79,4.5,8.8,0.4,225
163,gm003,CMS0.4s_225years_gm003,PEER NGA-West2,No - obtain from PEER NGA-West2 (https://ngawest2.berkeley.edu),1725,Northridge-06,1994,Panorama City - Roscoe,5.28, Reverse,11.6,318.16,1.09,2.4,4.0,0.4,225
164,gm004,CMS0.4s_225years_gm004,PEER NGA-West2,No - obtain from PEER NGA-West2 (https://ngawest2.berkeley.edu),2041,Gilroy,2002,Santa Cruz - Co Office Bldg Gnds,4.9, strike slip,36.87,321.91,1.96,4.5,10.6,0.4,225
165,gm005,CMS0.4s_225years_gm005,PEER NGA-West2,No - obtain from PEER NGA-West2 (https://ngawest2.berkeley.edu),3690,Whittier Narrows-02,1987,Brea - S Flower Av,5.27, Reverse Oblique,25.43,322.75,1.24,3.2,10.0,0.4,225
166,gm006,CMS0.4s_225years_gm006,PEER NGA-West2,No - obtain from PEER NGA-West2 (https://ngawest2.berkeley.edu),3830,Yountville,2000,Napa - Napa College,5.0, strike slip,17.29,331.66,0.25,2.1,5.7,0.4,225
167,gm007,CMS0.4s_225years_gm007,PEER NGA-West2,No - obtain from PEER NGA-West2 (https://ngawest2.berkeley.edu),8887,14383980,2008,Santa Ana - I5 & 4th St,5.39, Reverse Oblique,25.13,305.54,1.15,5.5,13.9,0.4,225
168,gm008,CMS0.4s_225years_gm008,PEER NGA-West2,No - obtain from PEER NGA-West2 (https://ngawest2.berkeley.edu),9593,10410337,2009,Long Beach - Los Coyotes & Stearns,4.7, strike slip,25.8,315.63,3.78,3.6,8.1,0.4,225
169,gm009,CMS0.4s_225years_gm009,PEER NGA-West2,No - obtain from PEER NGA-West2 (https://ngawest2.berkeley.edu),11495,10275733,2007,Riverside - Hwy 91 & Van Buren,4.73, strike slip,22.72,333.31,2.7,2.8,6.5,0.4,225
170,gm0010,CMS0.4s_225years_gm0010,PEER NGA-West2,No - obtain from PEER NGA-West2 (https://ngawest2.berkeley.edu),11509,10275733,2007,Corona - California Ave,4.73, strike slip,16.24,334.85,1.44,0.8,2.6,0.4,225
171,gm001,CMS0.4s_475years_gm001,PEER NGA-West2,No - obtain from PEER NGA-West2 (https://ngawest2.berkeley.edu),547,Chalfant Valley-01,1986,Zack Brothers Ranch,5.77, strike slip,6.39,316.19,0.41,3.1,11.5,0.4,475
172,gm002,CMS0.4s_475years_gm002,PEER NGA-West2,No - obtain from PEER NGA-West2 (https://ngawest2.berkeley.edu),705,Whittier Narrows-01,1987,West Covina - S Orange Ave,5.99, Reverse Oblique,16.32,334.69,1.1,3.1,11.4,0.4,475
173,gm003,CMS0.4s_475years_gm003,PEER NGA-West2,No - obtain from PEER NGA-West2 (https://ngawest2.berkeley.edu),1701,Northridge-06,1994,Hollywood - Willoughby Ave,5.28, Reverse,19.62,347.7,1.91,1.3,3.0,0.4,475
174,gm004,CMS0.4s_475years_gm004,PEER NGA-West2,No - obtain from PEER NGA-West2 (https://ngawest2.berkeley.edu),3568,Taiwan SMART1(5),1981,SMART1 M10,5.9, Reverse,27.02,321.63,1.57,4.0,12.8,0.4,475
175,gm005,CMS0.4s_475years_gm005,PEER NGA-West2,No - obtain from PEER NGA-West2 (https://ngawest2.berkeley.edu),3690,Whittier Narrows-02,1987,Brea - S Flower Av,5.27, Reverse Oblique,25.43,322.75,1.97,3.2,10.0,0.4,475
176,gm006,CMS0.4s_475years_gm006,PEER NGA-West2,No - obtain from PEER NGA-West2 (https://ngawest2.berkeley.edu),3707,Whittier Narrows-02,1987,Hacienda Heights - Colima,5.27, Reverse Oblique,18.51,337.0,3.88,1.8,12.0,0.4,475
177,gm007,CMS0.4s_475years_gm007,PEER NGA-West2,No - obtain from PEER NGA-West2 (https://ngawest2.berkeley.edu),3732,Whittier Narrows-02,1987,Panorama City - Roscoe,5.27, Reverse Oblique,37.02,318.16,3.82,8.2,12.3,0.4,475
178,gm008,CMS0.4s_475years_gm008,PEER NGA-West2,No - obtain from PEER NGA-West2 (https://ngawest2.berkeley.edu),4112,Parkfield-02_ CA,2004,Parkfield - Fault Zone 8,6.0, strike slip,3.95,308.84,0.39,4.4,8.5,0.4,475
179,gm009,CMS0.4s_475years_gm009,PEER NGA-West2,No - obtain from PEER NGA-West2 (https://ngawest2.berkeley.edu),8937,14383980,2008,Costa Mesa; Fire Station 4 Placentia Ave; 1-story; ground level,5.39, Reverse Oblique,36.56,325.62,3.44,6.5,22.6,0.4,475
180,gm0010,CMS0.4s_475years_gm0010,PEER NGA-West2,No - obtain from PEER NGA-West2 (https://ngawest2.berkeley.edu),9320,14155260,2005,Beaumont_ I-10 at 79,4.88, Reverse Oblique,21.63,341.0,2.88,1.2,6.8,0.4,475
181,gm001,CMS0.4s_975years_gm001,PEER NGA-West2,No - obtain from PEER NGA-West2 (https://ngawest2.berkeley.edu),100,Hollister-03,1974,San Juan Bautista_ 24 Polk St,5.14, strike slip,9.11,335.5,2.84,4.9,9.6,0.4,975
182,gm002,CMS0.4s_975years_gm002,PEER NGA-West2,No - obtain from PEER NGA-West2 (https://ngawest2.berkeley.edu),229,Anza (Horse Canyon)-01,1980,Rancho De Anza,5.19, strike slip,21.32,329.0,1.93,3.3,5.4,0.4,975
183,gm003,CMS0.4s_975years_gm003,PEER NGA-West2,No - obtain from PEER NGA-West2 (https://ngawest2.berkeley.edu),374,Coalinga-02,1983,Burnett Construction,5.09, Reverse,17.4,352.2,2.54,3.7,6.0,0.4,975
184,gm004,CMS0.4s_975years_gm004,PEER NGA-West2,No - obtain from PEER NGA-West2 (https://ngawest2.berkeley.edu),517,N. Palm Springs,1986,Desert Hot Springs,6.06, Reverse Oblique,6.82,359.0,0.64,3.8,7.6,0.4,975
185,gm005,CMS0.4s_975years_gm005,PEER NGA-West2,No - obtain from PEER NGA-West2 (https://ngawest2.berkeley.edu),612,Whittier Narrows-01,1987,Covina - S Grand Ave,5.99, Reverse Oblique,20.91,346.62,2.62,7.6,19.6,0.4,975
186,gm006,CMS0.4s_975years_gm006,PEER NGA-West2,No - obtain from PEER NGA-West2 (https://ngawest2.berkeley.edu),613,Whittier Narrows-01,1987,Covina - W Badillo,5.99, Reverse Oblique,18.59,324.79,1.34,6.2,15.3,0.4,975
187,gm007,CMS0.4s_975years_gm007,PEER NGA-West2,No - obtain from PEER NGA-West2 (https://ngawest2.berkeley.edu),635,Whittier Narrows-01,1987,LA - Hollywood Stor FF,5.99, Reverse Oblique,24.08,316.46,2.23,6.4,13.6,0.4,975
188,gm008,CMS0.4s_975years_gm008,PEER NGA-West2,No - obtain from PEER NGA-West2 (https://ngawest2.berkeley.edu),1660,Northridge-02,1994,LA - Hollywood Stor FF,6.05, Reverse,20.68,316.46,3.39,0.9,3.7,0.4,975
189,gm009,CMS0.4s_975years_gm009,PEER NGA-West2,No - obtain from PEER NGA-West2 (https://ngawest2.berkeley.edu),1701,Northridge-06,1994,Hollywood - Willoughby Ave,5.28, Reverse,19.62,347.7,2.95,1.3,3.0,0.4,975
190,gm0010,CMS0.4s_975years_gm0010,PEER NGA-West2,No - obtain from PEER NGA-West2 (https://ngawest2.berkeley.edu),1733,Northridge-06,1994,Sun Valley - Roscoe Blvd,5.28, Reverse,12.22,320.93,3.24,2.7,3.7,0.4,975
191,gm001,CMS0.4s_2475years_gm001,PEER NGA-West2,No - obtain from PEER NGA-West2 (https://ngawest2.berkeley.edu),339,Coalinga-01,1983,Parkfield - Fault Zone 15,6.36, Reverse,29.38,307.59,2.0,10.4,19.7,0.4,2475
192,gm002,CMS0.4s_2475years_gm002,PEER NGA-West2,No - obtain from PEER NGA-West2 (https://ngawest2.berkeley.edu),405,Coalinga-05,1983,Burnett Construction,5.77, Reverse,11.5,352.2,1.08,6.0,9.7,0.4,2475
193,gm003,CMS0.4s_2475years_gm003,PEER NGA-West2,No - obtain from PEER NGA-West2 (https://ngawest2.berkeley.edu),549,Chalfant Valley-02,1986,Bishop - LADWP South St,6.19, strike slip,17.17,303.47,1.36,3.6,16.8,0.4,2475
194,gm004,CMS0.4s_2475years_gm004,PEER NGA-West2,No - obtain from PEER NGA-West2 (https://ngawest2.berkeley.edu),612,Whittier Narrows-01,1987,Covina - S Grand Ave,5.99, Reverse Oblique,20.91,346.62,3.87,7.6,19.6,0.4,2475
195,gm005,CMS0.4s_2475years_gm005,PEER NGA-West2,No - obtain from PEER NGA-West2 (https://ngawest2.berkeley.edu),622,Whittier Narrows-01,1987,Hacienda Heights - Colima,5.99, Reverse Oblique,17.39,337.0,2.63,3.2,11.4,0.4,2475
196,gm006,CMS0.4s_2475years_gm006,PEER NGA-West2,No - obtain from PEER NGA-West2 (https://ngawest2.berkeley.edu),3467,Chi-Chi_ Taiwan-06,1999,TCU065,6.3, Reverse,26.05,305.85,2.54,9.7,21.0,0.4,2475
197,gm007,CMS0.4s_2475years_gm007,PEER NGA-West2,No - obtain from PEER NGA-West2 (https://ngawest2.berkeley.edu),3578,Taiwan SMART1(5),1981,SMART1 O12,5.9, Reverse,28.51,303.36,1.69,4.5,13.4,0.4,2475
198,gm008,CMS0.4s_2475years_gm008,PEER NGA-West2,No - obtain from PEER NGA-West2 (https://ngawest2.berkeley.edu),4117,Parkfield-02_ CA,2004,Parkfield - Fault Zone 15,6.0, strike slip,2.67,307.59,1.27,5.3,11.7,0.4,2475
199,gm009,CMS0.4s_2475years_gm009,PEER NGA-West2,No - obtain from PEER NGA-West2 (https://ngawest2.berkeley.edu),4134,Parkfield-02_ CA,2004,Parkfield - Vineyard Cany 3W,6.0, strike slip,5.21,308.87,1.64,3.0,6.9,0.4,2475
200,gm0010,CMS0.4s_2475years_gm0010,PEER NGA-West2,No - obtain from PEER NGA-West2 (https://ngawest2.berkeley.edu),4276,Friuli (aftershock 9)_ Italy,1976,Buia,5.5, Reverse,12.39,310.68,1.86,3.4,7.9,0.4,2475
201,gm001,CMS0.4s_5000years_gm001,PEER NGA-West2,No - obtain from PEER NGA-West2 (https://ngawest2.berkeley.edu),229,Anza (Horse Canyon)-01,1980,Rancho De Anza,5.19, strike slip,21.32,329.0,3.77,3.3,5.4,0.4,5000
202,gm002,CMS0.4s_5000years_gm002,PEER NGA-West2,No - obtain from PEER NGA-West2 (https://ngawest2.berkeley.edu),346,Coalinga-01,1983,Parkfield - Fault Zone 8,6.36, Reverse,29.94,308.84,2.81,6.1,12.7,0.4,5000
203,gm003,CMS0.4s_5000years_gm003,PEER NGA-West2,No - obtain from PEER NGA-West2 (https://ngawest2.berkeley.edu),547,Chalfant Valley-01,1986,Zack Brothers Ranch,5.77, strike slip,6.39,316.19,1.24,3.1,11.5,0.4,5000
204,gm004,CMS0.4s_5000years_gm004,PEER NGA-West2,No - obtain from PEER NGA-West2 (https://ngawest2.berkeley.edu),625,Whittier Narrows-01,1987,Inglewood - Union Oil,5.99, Reverse Oblique,25.86,316.02,3.49,1.9,11.2,0.4,5000
205,gm005,CMS0.4s_5000years_gm005,PEER NGA-West2,No - obtain from PEER NGA-West2 (https://ngawest2.berkeley.edu),692,Whittier Narrows-01,1987,Santa Fe Springs - E.Joslin,5.99, Reverse Oblique,18.49,339.06,1.09,1.8,6.0,0.4,5000
206,gm006,CMS0.4s_5000years_gm006,PEER NGA-West2,No - obtain from PEER NGA-West2 (https://ngawest2.berkeley.edu),724,Superstition Hills-02,1987,Plaster City,6.54, strike slip,22.25,316.64,1.65,9.0,13.3,0.4,5000
207,gm007,CMS0.4s_5000years_gm007,PEER NGA-West2,No - obtain from PEER NGA-West2 (https://ngawest2.berkeley.edu),725,Superstition Hills-02,1987,Poe Road (temp),6.54, strike slip,11.16,316.64,1.0,11.2,13.7,0.4,5000
208,gm008,CMS0.4s_5000years_gm008,PEER NGA-West2,No - obtain from PEER NGA-West2 (https://ngawest2.berkeley.edu),1039,Northridge-01,1994,Moorpark - Fire Sta,6.69, Reverse,24.76,341.58,1.33,7.7,16.1,0.4,5000
209,gm009,CMS0.4s_5000years_gm009,PEER NGA-West2,No - obtain from PEER NGA-West2 (https://ngawest2.berkeley.edu),3564,Taiwan SMART1(5),1981,SMART1 M05,5.9, Reverse,25.79,306.38,3.58,3.1,12.4,0.4,5000
210,gm0010,CMS0.4s_5000years_gm0010,PEER NGA-West2,No - obtain from PEER NGA-West2 (https://ngawest2.berkeley.edu),3968,Tottori_ Japan,2000,TTRH02,6.61, strike slip,0.97,310.21,0.44,6.0,35.3,0.4,5000
211,gm001,CMS0.6s_43years_gm001,PEER NGA-West2,No - obtain from PEER NGA-West2 (https://ngawest2.berkeley.edu),650,Whittier Narrows-01,1987,La Puente - Rimgrove Av,5.99, Reverse Oblique,17.75,339.52,0.31,3.8,14.1,0.6,43
212,gm002,CMS0.6s_43years_gm002,PEER NGA-West2,No - obtain from PEER NGA-West2 (https://ngawest2.berkeley.edu),1663,Northridge-02,1994,Los Angeles - 7-story Univ Hospital (FF),6.05, Reverse,31.31,332.28,2.67,4.1,14.8,0.6,43
213,gm003,CMS0.6s_43years_gm003,PEER NGA-West2,No - obtain from PEER NGA-West2 (https://ngawest2.berkeley.edu),1719,Northridge-06,1994,Malibu - Point Dume Sch,5.28, Reverse,37.33,349.54,0.51,4.5,10.5,0.6,43
214,gm004,CMS0.6s_43years_gm004,PEER NGA-West2,No - obtain from PEER NGA-West2 (https://ngawest2.berkeley.edu),3467,Chi-Chi_ Taiwan-06,1999,TCU065,6.3, Reverse,26.05,305.85,0.17,9.7,21.0,0.6,43
215,gm005,CMS0.6s_43years_gm005,PEER NGA-West2,No - obtain from PEER NGA-West2 (https://ngawest2.berkeley.edu),9831,51182810,2007,Mammoth Lakes,4.6, strike slip,19.38,317.0,0.51,3.9,9.8,0.6,43
216,gm006,CMS0.6s_43years_gm006,PEER NGA-West2,No - obtain from PEER NGA-West2 (https://ngawest2.berkeley.edu),10660,10370141,2009,SBVC_ Observatory,4.45, strike slip,13.94,329.42,0.82,2.1,6.0,0.6,43
217,gm007,CMS0.6s_43years_gm007,PEER NGA-West2,No - obtain from PEER NGA-West2 (https://ngawest2.berkeley.edu),11648,51183708,2007,San Juan Bautista_ 24 Polk St,4.2, strike slip,9.42,335.5,0.95,3.3,8.2,0.6,43
218,gm008,CMS0.6s_43years_gm008,PEER NGA-West2,No - obtain from PEER NGA-West2 (https://ngawest2.berkeley.edu),12058,14116972,2005,San Bernardino - Fire Sta. #4,4.42, strike slip,14.16,322.53,3.37,7.1,15.5,0.6,43
219,gm009,CMS0.6s_43years_gm009,PEER NGA-West2,No - obtain from PEER NGA-West2 (https://ngawest2.berkeley.edu),12581,51207740,2008,Casto Valley - Chester & Castro Valley,4.1, strike slip,22.95,350.5,3.52,4.6,8.6,0.6,43
220,gm0010,CMS0.6s_43years_gm0010,Local - Chiang Mai,Yes - locally recorded,SANA,Chiang Mai,2022,SANA,4.1, strike slip,10.0,300.0,8.2,,,0.6,43
221,gm001,CMS0.6s_100years_gm001,PEER NGA-West2,No - obtain from PEER NGA-West2 (https://ngawest2.berkeley.edu),229,Anza (Horse Canyon)-01,1980,Rancho De Anza,5.19, strike slip,21.32,329.0,0.5,3.3,5.4,0.6,100
222,gm002,CMS0.6s_100years_gm002,PEER NGA-West2,No - obtain from PEER NGA-West2 (https://ngawest2.berkeley.edu),1853,Yountville,2000,Napa Fire Station #3,5.0, strike slip,11.5,328.57,0.1,2.3,3.4,0.6,100
223,gm003,CMS0.6s_100years_gm003,PEER NGA-West2,No - obtain from PEER NGA-West2 (https://ngawest2.berkeley.edu),1866,Yountville,2000,Sonoma Fire Station #1,5.0, strike slip,12.42,299.37,1.32,1.3,6.1,0.6,100
224,gm004,CMS0.6s_100years_gm004,PEER NGA-West2,No - obtain from PEER NGA-West2 (https://ngawest2.berkeley.edu),3830,Yountville,2000,Napa - Napa College,5.0, strike slip,17.29,331.66,0.21,2.1,5.7,0.6,100
225,gm005,CMS0.6s_100years_gm005,PEER NGA-West2,No - obtain from PEER NGA-West2 (https://ngawest2.berkeley.edu),9831,51182810,2007,Mammoth Lakes,4.6, strike slip,19.38,317.0,0.98,3.9,9.8,0.6,100
226,gm006,CMS0.6s_100years_gm006,PEER NGA-West2,No - obtain from PEER NGA-West2 (https://ngawest2.berkeley.edu),10613,10370141,2009,Mira Loma - Mission&San Sevaine,4.45, strike slip,25.02,342.5,3.61,1.0,5.4,0.6,100
227,gm007,CMS0.6s_100years_gm007,PEER NGA-West2,No - obtain from PEER NGA-West2 (https://ngawest2.berkeley.edu),11060,21522424,2006,San Juan Bautista_ 24 Polk St,4.3, strike slip,26.35,335.5,2.97,3.7,10.7,0.6,100
228,gm008,CMS0.6s_100years_gm008,PEER NGA-West2,No - obtain from PEER NGA-West2 (https://ngawest2.berkeley.edu),11648,51183708,2007,San Juan Bautista_ 24 Polk St,4.2, strike slip,9.42,335.5,1.81,3.3,8.2,0.6,100
229,gm009,CMS0.6s_100years_gm009,PEER NGA-West2,No - obtain from PEER NGA-West2 (https://ngawest2.berkeley.edu),11653,51183708,2007,Hollister - South & Pine,4.2, strike slip,20.51,282.14,1.62,6.3,11.6,0.6,100
230,gm0010,CMS0.6s_100years_gm0010,PEER NGA-West2,No - obtain from PEER NGA-West2 (https://ngawest2.berkeley.edu),11871,9703873,2001,Los Angeles - Acosta Residence,4.24, strike slip,21.15,330.03,3.22,6.5,12.8,0.6,100
231,gm001,CMS0.6s_225years_gm001,PEER NGA-West2,No - obtain from PEER NGA-West2 (https://ngawest2.berkeley.edu),96,Managua_ Nicaragua-02,1972,Managua_ ESSO,5.2, strike slip,4.98,288.77,0.37,2.8,8.1,0.6,225
232,gm002,CMS0.6s_225years_gm002,PEER NGA-West2,No - obtain from PEER NGA-West2 (https://ngawest2.berkeley.edu),229,Anza (Horse Canyon)-01,1980,Rancho De Anza,5.19, strike slip,21.32,329.0,0.62,3.3,5.4,0.6,225
233,gm003,CMS0.6s_225years_gm003,PEER NGA-West2,No - obtain from PEER NGA-West2 (https://ngawest2.berkeley.edu),252,Mammoth Lakes-07,1980,Green Church,4.73, strike slip,5.17,353.2,0.48,1.4,8.2,0.6,225
234,gm004,CMS0.6s_225years_gm004,PEER NGA-West2,No - obtain from PEER NGA-West2 (https://ngawest2.berkeley.edu),396,Coalinga-04,1983,Burnett Construction,5.18, Reverse,14.79,352.2,0.86,4.5,8.8,0.6,225
235,gm005,CMS0.6s_225years_gm005,PEER NGA-West2,No - obtain from PEER NGA-West2 (https://ngawest2.berkeley.edu),1710,Northridge-06,1994,LA - Hollywood Stor FF,5.28, Reverse,20.82,316.46,1.08,2.1,7.4,0.6,225
236,gm006,CMS0.6s_225years_gm006,PEER NGA-West2,No - obtain from PEER NGA-West2 (https://ngawest2.berkeley.edu),1733,Northridge-06,1994,Sun Valley - Roscoe Blvd,5.28, Reverse,12.22,320.93,0.73,2.7,3.7,0.6,225
237,gm007,CMS0.6s_225years_gm007,PEER NGA-West2,No - obtain from PEER NGA-West2 (https://ngawest2.berkeley.edu),3711,Whittier Narrows-02,1987,LA - Fletcher Dr,5.27, Reverse Oblique,17.76,329.06,1.03,2.6,9.1,0.6,225
238,gm008,CMS0.6s_225years_gm008,PEER NGA-West2,No - obtain from PEER NGA-West2 (https://ngawest2.berkeley.edu),4276,Friuli (aftershock 9)_ Italy,1976,Buia,5.5, Reverse,12.39,310.68,0.22,3.4,7.9,0.6,225
239,gm009,CMS0.6s_225years_gm009,PEER NGA-West2,No - obtain from PEER NGA-West2 (https://ngawest2.berkeley.edu),11062,21522424,2006,Gilroy Array #3,4.3, strike slip,12.64,349.85,2.19,6.5,12.2,0.6,225
240,gm0010,CMS0.6s_225years_gm0010,PEER NGA-West2,No - obtain from PEER NGA-West2 (https://ngawest2.berkeley.edu),11648,51183708,2007,San Juan Bautista_ 24 Polk St,4.2, strike slip,9.42,335.5,2.22,3.3,8.2,0.6,225
241,gm001,CMS0.6s_475years_gm001,PEER NGA-West2,No - obtain from PEER NGA-West2 (https://ngawest2.berkeley.edu),374,Coalinga-02,1983,Burnett Construction,5.09, Reverse,17.4,352.2,3.98,3.7,6.0,0.6,475
242,gm002,CMS0.6s_475years_gm002,PEER NGA-West2,No - obtain from PEER NGA-West2 (https://ngawest2.berkeley.edu),561,Chalfant Valley-03,1986,Zack Brothers Ranch,5.65, strike slip,13.97,316.19,1.67,3.3,10.7,0.6,475
243,gm003,CMS0.6s_475years_gm003,PEER NGA-West2,No - obtain from PEER NGA-West2 (https://ngawest2.berkeley.edu),654,Whittier Narrows-01,1987,Lawndale - Osage Ave,5.99, Reverse Oblique,30.04,311.86,2.39,8.2,12.3,0.6,475
244,gm004,CMS0.6s_475years_gm004,PEER NGA-West2,No - obtain from PEER NGA-West2 (https://ngawest2.berkeley.edu),664,Whittier Narrows-01,1987,N Hollywood - Coldwater Can,5.99, Reverse Oblique,33.11,326.47,1.06,5.4,11.0,0.6,475
245,gm005,CMS0.6s_475years_gm005,PEER NGA-West2,No - obtain from PEER NGA-West2 (https://ngawest2.berkeley.edu),1730,Northridge-06,1994,Santa Monica City Hall,5.28, Reverse,24.02,336.2,3.41,3.7,9.0,0.6,475
246,gm006,CMS0.6s_475years_gm006,PEER NGA-West2,No - obtain from PEER NGA-West2 (https://ngawest2.berkeley.edu),1740,Little Skull Mtn_NV,1992,Station #1-Lathrop Wells,5.65, Normal,16.06,302.64,1.61,2.4,5.1,0.6,475
247,gm007,CMS0.6s_475years_gm007,PEER NGA-West2,No - obtain from PEER NGA-West2 (https://ngawest2.berkeley.edu),1853,Yountville,2000,Napa Fire Station #3,5.0, strike slip,11.5,328.57,0.34,2.3,3.4,0.6,475
248,gm008,CMS0.6s_475years_gm008,PEER NGA-West2,No - obtain from PEER NGA-West2 (https://ngawest2.berkeley.edu),3711,Whittier Narrows-02,1987,LA - Fletcher Dr,5.27, Reverse Oblique,17.76,329.06,2.88,2.6,9.1,0.6,475
249,gm009,CMS0.6s_475years_gm009,PEER NGA-West2,No - obtain from PEER NGA-West2 (https://ngawest2.berkeley.edu),3721,Whittier Narrows-02,1987,La Puente - Rimgrove Av,5.27, Reverse Oblique,19.46,339.52,3.53,3.3,13.0,0.6,475
250,gm0010,CMS0.6s_475years_gm0010,PEER NGA-West2,No - obtain from PEER NGA-West2 (https://ngawest2.berkeley.edu),8487,Parkfield-02_ CA,2004,Monarch Peak,6.0, strike slip,29.43,308.0,3.85,17.6,39.5,0.6,475
251,gm001,CMS0.6s_975years_gm001,PEER NGA-West2,No - obtain from PEER NGA-West2 (https://ngawest2.berkeley.edu),405,Coalinga-05,1983,Burnett Construction,5.77, Reverse,11.5,352.2,0.9,6.0,9.7,0.6,975
252,gm002,CMS0.6s_975years_gm002,PEER NGA-West2,No - obtain from PEER NGA-West2 (https://ngawest2.berkeley.edu),445,New Zealand-01,1984,Turangi Telephone Exchange,5.5, Normal,8.84,356.39,3.55,8.2,12.6,0.6,975
253,gm003,CMS0.6s_975years_gm003,PEER NGA-West2,No - obtain from PEER NGA-West2 (https://ngawest2.berkeley.edu),645,Whittier Narrows-01,1987,LB - Orange Ave,5.99, Reverse Oblique,24.54,344.72,0.82,5.6,11.7,0.6,975
254,gm004,CMS0.6s_975years_gm004,PEER NGA-West2,No - obtain from PEER NGA-West2 (https://ngawest2.berkeley.edu),649,Whittier Narrows-01,1987,La Habra - Briarcliff,5.99, Reverse Oblique,20.28,338.27,2.17,5.2,10.9,0.6,975
255,gm005,CMS0.6s_975years_gm005,PEER NGA-West2,No - obtain from PEER NGA-West2 (https://ngawest2.berkeley.edu),681,Whittier Narrows-01,1987,Pasadena - CIT Lura St,5.99, Reverse Oblique,17.3,341.14,1.15,2.8,6.8,0.6,975
256,gm006,CMS0.6s_975years_gm006,PEER NGA-West2,No - obtain from PEER NGA-West2 (https://ngawest2.berkeley.edu),1740,Little Skull Mtn_NV,1992,Station #1-Lathrop Wells,5.65, Normal,16.06,302.64,2.28,2.4,5.1,0.6,975
257,gm007,CMS0.6s_975years_gm007,PEER NGA-West2,No - obtain from PEER NGA-West2 (https://ngawest2.berkeley.edu),3467,Chi-Chi_ Taiwan-06,1999,TCU065,6.3, Reverse,26.05,305.85,1.53,9.7,21.0,0.6,975
258,gm008,CMS0.6s_975years_gm008,PEER NGA-West2,No - obtain from PEER NGA-West2 (https://ngawest2.berkeley.edu),3561,Taiwan SMART1(5),1981,SMART1 M02,5.9, Reverse,27.12,306.78,2.72,3.2,11.5,0.6,975
259,gm009,CMS0.6s_975years_gm009,PEER NGA-West2,No - obtain from PEER NGA-West2 (https://ngawest2.berkeley.edu),3743,Whittier Narrows-02,1987,West Covina - S Orange Ave,5.27, Reverse Oblique,17.01,334.69,3.87,4.9,10.1,0.6,975
260,gm0010,CMS0.6s_975years_gm0010,PEER NGA-West2,No - obtain from PEER NGA-West2 (https://ngawest2.berkeley.edu),4276,Friuli (aftershock 9)_ Italy,1976,Buia,5.5, Reverse,12.39,310.68,0.86,3.4,7.9,0.6,975
261,gm001,CMS0.6s_2475years_gm001,PEER NGA-West2,No - obtain from PEER NGA-West2 (https://ngawest2.berkeley.edu),68,San Fernando,1971,LA - Hollywood Stor FF,6.61, Reverse,22.77,316.46,2.23,5.2,13.4,0.6,2475
262,gm002,CMS0.6s_2475years_gm002,PEER NGA-West2,No - obtain from PEER NGA-West2 (https://ngawest2.berkeley.edu),339,Coalinga-01,1983,Parkfield - Fault Zone 15,6.36, Reverse,29.38,307.59,1.81,10.4,19.7,0.6,2475
263,gm003,CMS0.6s_2475years_gm003,PEER NGA-West2,No - obtain from PEER NGA-West2 (https://ngawest2.berkeley.edu),346,Coalinga-01,1983,Parkfield - Fault Zone 8,6.36, Reverse,29.94,308.84,1.38,6.1,12.7,0.6,2475
264,gm004,CMS0.6s_2475years_gm004,PEER NGA-West2,No - obtain from PEER NGA-West2 (https://ngawest2.berkeley.edu),547,Chalfant Valley-01,1986,Zack Brothers Ranch,5.77, strike slip,6.39,316.19,1.2,3.1,11.5,0.6,2475
265,gm005,CMS0.6s_2475years_gm005,PEER NGA-West2,No - obtain from PEER NGA-West2 (https://ngawest2.berkeley.edu),692,Whittier Narrows-01,1987,Santa Fe Springs - E.Joslin,5.99, Reverse Oblique,18.49,339.06,0.63,1.8,6.0,0.6,2475
266,gm006,CMS0.6s_2475years_gm006,PEER NGA-West2,No - obtain from PEER NGA-West2 (https://ngawest2.berkeley.edu),714,Whittier Narrows-02,1987,LA - Obregon Park,5.27, Reverse Oblique,13.62,349.43,1.86,1.4,6.2,0.6,2475
267,gm007,CMS0.6s_2475years_gm007,PEER NGA-West2,No - obtain from PEER NGA-West2 (https://ngawest2.berkeley.edu),953,Northridge-01,1994,Beverly Hills - 14145 Mulhol,6.69, Reverse,17.15,355.81,0.43,6.0,9.3,0.6,2475
268,gm008,CMS0.6s_2475years_gm008,PEER NGA-West2,No - obtain from PEER NGA-West2 (https://ngawest2.berkeley.edu),1039,Northridge-01,1994,Moorpark - Fire Sta,6.69, Reverse,24.76,341.58,1.35,7.7,16.1,0.6,2475
269,gm009,CMS0.6s_2475years_gm009,PEER NGA-West2,No - obtain from PEER NGA-West2 (https://ngawest2.berkeley.edu),3968,Tottori_ Japan,2000,TTRH02,6.61, strike slip,0.97,310.21,0.21,6.0,35.3,0.6,2475
270,gm0010,CMS0.6s_2475years_gm0010,Local - Chiang Mai,Yes - locally recorded,Tarlay,Tarlay,2011,MASE,6.8, strike slip,28.0,300.0,1.5499,,,0.6,2475
271,gm001,CMS0.6s_5000years_gm001,PEER NGA-West2,No - obtain from PEER NGA-West2 (https://ngawest2.berkeley.edu),130,Friuli_ Italy-02,1976,Buia,5.91, Reverse,11.03,310.68,2.77,4.8,10.2,0.6,5000
272,gm002,CMS0.6s_5000years_gm002,PEER NGA-West2,No - obtain from PEER NGA-West2 (https://ngawest2.berkeley.edu),346,Coalinga-01,1983,Parkfield - Fault Zone 8,6.36, Reverse,29.94,308.84,1.86,6.1,12.7,0.6,5000
273,gm003,CMS0.6s_5000years_gm003,PEER NGA-West2,No - obtain from PEER NGA-West2 (https://ngawest2.berkeley.edu),547,Chalfant Valley-01,1986,Zack Brothers Ranch,5.77, strike slip,6.39,316.19,1.62,3.1,11.5,0.6,5000
274,gm004,CMS0.6s_5000years_gm004,PEER NGA-West2,No - obtain from PEER NGA-West2 (https://ngawest2.berkeley.edu),558,Chalfant Valley-02,1986,Zack Brothers Ranch,6.19, strike slip,7.58,316.19,0.74,2.6,8.1,0.6,5000
275,gm005,CMS0.6s_5000years_gm005,PEER NGA-West2,No - obtain from PEER NGA-West2 (https://ngawest2.berkeley.edu),710,Whittier Narrows-02,1987,Inglewood - Union Oil,5.27, Reverse Oblique,25.72,316.02,3.96,5.5,11.1,0.6,5000
276,gm006,CMS0.6s_5000years_gm006,PEER NGA-West2,No - obtain from PEER NGA-West2 (https://ngawest2.berkeley.edu),730,Spitak_ Armenia,1988,Gukasian,6.77, Reverse Oblique,23.99,343.53,2.32,6.3,10.5,0.6,5000
277,gm007,CMS0.6s_5000years_gm007,PEER NGA-West2,No - obtain from PEER NGA-West2 (https://ngawest2.berkeley.edu),960,Northridge-01,1994,Canyon Country - W Lost Cany,6.69, Reverse,12.44,325.6,0.59,3.2,6.3,0.6,5000
278,gm008,CMS0.6s_5000years_gm008,PEER NGA-West2,No - obtain from PEER NGA-West2 (https://ngawest2.berkeley.edu),1077,Northridge-01,1994,Santa Monica City Hall,6.69, Reverse,26.45,336.2,1.84,6.9,10.7,0.6,5000
279,gm009,CMS0.6s_5000years_gm009,PEER NGA-West2,No - obtain from PEER NGA-West2 (https://ngawest2.berkeley.edu),3968,Tottori_ Japan,2000,TTRH02,6.61, strike slip,0.97,310.21,0.28,6.0,35.3,0.6,5000
280,gm0010,CMS0.6s_5000years_gm0010,PEER NGA-West2,No - obtain from PEER NGA-West2 (https://ngawest2.berkeley.edu),4276,Friuli (aftershock 9)_ Italy,1976,Buia,5.5, Reverse,12.39,310.68,1.59,3.4,7.9,0.6,5000
281,gm001,CMS1s_43years_gm001,PEER NGA-West2,No - obtain from PEER NGA-West2 (https://ngawest2.berkeley.edu),544,Chalfant Valley-01,1986,Bishop - LADWP South St,5.77, strike slip,23.47,303.47,0.15,12.1,21.7,1.0,43
282,gm002,CMS1s_43years_gm002,PEER NGA-West2,No - obtain from PEER NGA-West2 (https://ngawest2.berkeley.edu),1673,Northridge-03,1994,Santa Monica City Hall,5.2, Reverse,36.25,336.2,3.86,8.0,13.7,1.0,43
283,gm003,CMS1s_43years_gm003,PEER NGA-West2,No - obtain from PEER NGA-West2 (https://ngawest2.berkeley.edu),3699,Whittier Narrows-02,1987,Covina - S Grand Ave,5.27, Reverse Oblique,23.35,346.62,0.61,9.4,18.5,1.0,43
284,gm004,CMS1s_43years_gm004,PEER NGA-West2,No - obtain from PEER NGA-West2 (https://ngawest2.berkeley.edu),3737,Whittier Narrows-02,1987,Sun Valley - Roscoe Blvd,5.27, Reverse Oblique,35.33,320.93,0.85,5.7,12.4,1.0,43
285,gm005,CMS1s_43years_gm005,PEER NGA-West2,No - obtain from PEER NGA-West2 (https://ngawest2.berkeley.edu),6120,Yorba Linda,2002,Pomona - Garey & Bonita,4.265, strike slip,20.39,332.51,3.27,1.0,5.0,1.0,43
286,gm006,CMS1s_43years_gm006,PEER NGA-West2,No - obtain from PEER NGA-West2 (https://ngawest2.berkeley.edu),8794,14383980,2008,Fontana_ Arrow Hwy and Bennett,5.39, Reverse Oblique,36.23,335.43,1.12,1.9,12.5,1.0,43
287,gm007,CMS1s_43years_gm007,PEER NGA-West2,No - obtain from PEER NGA-West2 (https://ngawest2.berkeley.edu),8815,14383980,2008,Mira Loma_ I-15 and Riverside,5.39, Reverse Oblique,22.55,335.43,1.04,6.5,19.1,1.0,43
288,gm008,CMS1s_43years_gm008,PEER NGA-West2,No - obtain from PEER NGA-West2 (https://ngawest2.berkeley.edu),9319,14155260,2005,Big Bear Solar Observatory,4.88, Reverse Oblique,28.55,356.0,0.82,5.0,11.8,1.0,43
289,gm009,CMS1s_43years_gm009,PEER NGA-West2,No - obtain from PEER NGA-West2 (https://ngawest2.berkeley.edu),9831,51182810,2007,Mammoth Lakes,4.6, strike slip,19.38,317.0,0.92,3.9,9.8,1.0,43
290,gm0010,CMS1s_43years_gm0010,PEER NGA-West2,No - obtain from PEER NGA-West2 (https://ngawest2.berkeley.edu),11776,9173365,2001,North Hollywood - Laurel Canyon & Sherman,4.26, Reverse,12.16,303.1,2.62,3.8,10.1,1.0,43
291,gm001,CMS1s_100years_gm001,PEER NGA-West2,No - obtain from PEER NGA-West2 (https://ngawest2.berkeley.edu),255,Mammoth Lakes-07,1980,USC Cash Baugh Ranch,4.73, strike slip,9.46,323.54,0.83,9.6,11.3,1.0,100
292,gm002,CMS1s_100years_gm002,PEER NGA-West2,No - obtain from PEER NGA-West2 (https://ngawest2.berkeley.edu),405,Coalinga-05,1983,Burnett Construction,5.77, Reverse,11.5,352.2,0.28,6.0,9.7,1.0,100
293,gm003,CMS1s_100years_gm003,PEER NGA-West2,No - obtain from PEER NGA-West2 (https://ngawest2.berkeley.edu),445,New Zealand-01,1984,Turangi Telephone Exchange,5.5, Normal,8.84,356.39,1.43,8.2,12.6,1.0,100
294,gm004,CMS1s_100years_gm004,PEER NGA-West2,No - obtain from PEER NGA-West2 (https://ngawest2.berkeley.edu),714,Whittier Narrows-02,1987,LA - Obregon Park,5.27, Reverse Oblique,13.62,349.43,0.33,1.4,6.2,1.0,100
295,gm005,CMS1s_100years_gm005,PEER NGA-West2,No - obtain from PEER NGA-West2 (https://ngawest2.berkeley.edu),1733,Northridge-06,1994,Sun Valley - Roscoe Blvd,5.28, Reverse,12.22,320.93,1.42,2.7,3.7,1.0,100
296,gm006,CMS1s_100years_gm006,PEER NGA-West2,No - obtain from PEER NGA-West2 (https://ngawest2.berkeley.edu),2129,Big Bear City,2003,Mentone Fire Station #9,4.92, strike slip,36.94,351.31,3.11,2.9,10.1,1.0,100
297,gm007,CMS1s_100years_gm007,PEER NGA-West2,No - obtain from PEER NGA-West2 (https://ngawest2.berkeley.edu),3728,Whittier Narrows-02,1987,N Hollywood - Coldwater Can,5.27, Reverse Oblique,33.39,326.47,2.11,6.1,14.0,1.0,100
298,gm008,CMS1s_100years_gm008,PEER NGA-West2,No - obtain from PEER NGA-West2 (https://ngawest2.berkeley.edu),4279,Friuli (aftershock 10)_ Italy,1976,Buia,4.8, Reverse,11.8,310.68,3.56,0.4,3.7,1.0,100
299,gm009,CMS1s_100years_gm009,PEER NGA-West2,No - obtain from PEER NGA-West2 (https://ngawest2.berkeley.edu),9575,10410337,2009,Los Angeles - Manchester & Osage,4.7, strike slip,10.7,331.51,2.48,4.1,12.9,1.0,100
300,gm0010,CMS1s_100years_gm0010,PEER NGA-West2,No - obtain from PEER NGA-West2 (https://ngawest2.berkeley.edu),11062,21522424,2006,Gilroy Array #3,4.3, strike slip,12.64,349.85,1.83,6.5,12.2,1.0,100
301,gm001,CMS1s_225years_gm001,PEER NGA-West2,No - obtain from PEER NGA-West2 (https://ngawest2.berkeley.edu),445,New Zealand-01,1984,Turangi Telephone Exchange,5.5, Normal,8.84,356.39,2.6,8.2,12.6,1.0,225
302,gm002,CMS1s_225years_gm002,PEER NGA-West2,No - obtain from PEER NGA-West2 (https://ngawest2.berkeley.edu),563,Chalfant Valley-04,1986,Zack Brothers Ranch,5.44, strike slip,10.76,316.19,1.54,7.7,17.1,1.0,225
303,gm003,CMS1s_225years_gm003,PEER NGA-West2,No - obtain from PEER NGA-West2 (https://ngawest2.berkeley.edu),713,Whittier Narrows-02,1987,LA - Hollywood Stor FF,5.27, Reverse Oblique,24.76,316.46,2.79,6.5,16.6,1.0,225
304,gm004,CMS1s_225years_gm004,PEER NGA-West2,No - obtain from PEER NGA-West2 (https://ngawest2.berkeley.edu),1945,Anza-02,2001,Indian Wells - Hwy111 & El Dorad,4.92, Normal Oblique,30.4,311.18,1.33,5.0,10.5,1.0,225
305,gm005,CMS1s_225years_gm005,PEER NGA-West2,No - obtain from PEER NGA-West2 (https://ngawest2.berkeley.edu),3692,Whittier Narrows-02,1987,Burbank - N Buena Vista,5.27, Reverse Oblique,25.98,320.57,2.72,5.8,11.8,1.0,225
306,gm006,CMS1s_225years_gm006,PEER NGA-West2,No - obtain from PEER NGA-West2 (https://ngawest2.berkeley.edu),4337,Umbria Marche (foreshock)_ Italy,1997,Colfiorito,5.7, Normal,4.02,317.0,0.28,2.9,4.8,1.0,225
307,gm007,CMS1s_225years_gm007,PEER NGA-West2,No - obtain from PEER NGA-West2 (https://ngawest2.berkeley.edu),8649,40204628,2007,Pleasanton; Lydiksen School Highland Oaks Dr; 1-story; ground level,5.45, strike slip,28.5,341.13,2.84,6.4,26.2,1.0,225
308,gm008,CMS1s_225years_gm008,PEER NGA-West2,No - obtain from PEER NGA-West2 (https://ngawest2.berkeley.edu),8876,14383980,2008,Walnut,5.39, Reverse Oblique,20.25,342.64,1.01,2.7,20.1,1.0,225
309,gm009,CMS1s_225years_gm009,PEER NGA-West2,No - obtain from PEER NGA-West2 (https://ngawest2.berkeley.edu),9636,10410337,2009,Hawthorne; FAA Bldg,4.7, strike slip,10.73,332.33,2.5,0.5,6.7,1.0,225
310,gm0010,CMS1s_225years_gm0010,PEER NGA-West2,No - obtain from PEER NGA-West2 (https://ngawest2.berkeley.edu),11062,21522424,2006,Gilroy Array #3,4.3, strike slip,12.64,349.85,3.34,6.5,12.2,1.0,225
311,gm001,CMS1s_475years_gm001,PEER NGA-West2,No - obtain from PEER NGA-West2 (https://ngawest2.berkeley.edu),96,Managua_ Nicaragua-02,1972,Managua_ ESSO,5.2, strike slip,4.98,288.77,0.66,2.8,8.1,1.0,475
312,gm002,CMS1s_475years_gm002,PEER NGA-West2,No - obtain from PEER NGA-West2 (https://ngawest2.berkeley.edu),391,Coalinga-03,1983,Burnett Construction,5.38, Reverse,13.45,352.2,1.03,4.0,14.8,1.0,475
313,gm003,CMS1s_475years_gm003,PEER NGA-West2,No - obtain from PEER NGA-West2 (https://ngawest2.berkeley.edu),392,Coalinga-03,1983,Coalinga-14th & Elm (Old CHP),5.38, Reverse,12.63,286.41,1.81,8.3,16.1,1.0,475
314,gm004,CMS1s_475years_gm004,PEER NGA-West2,No - obtain from PEER NGA-West2 (https://ngawest2.berkeley.edu),445,New Zealand-01,1984,Turangi Telephone Exchange,5.5, Normal,8.84,356.39,3.87,8.2,12.6,1.0,475
315,gm005,CMS1s_475years_gm005,PEER NGA-West2,No - obtain from PEER NGA-West2 (https://ngawest2.berkeley.edu),562,Chalfant Valley-04,1986,Bishop - LADWP South St,5.44, strike slip,24.75,303.47,1.56,3.6,16.2,1.0,475
316,gm006,CMS1s_475years_gm006,PEER NGA-West2,No - obtain from PEER NGA-West2 (https://ngawest2.berkeley.edu),563,Chalfant Valley-04,1986,Zack Brothers Ranch,5.44, strike slip,10.76,316.19,2.28,7.7,17.1,1.0,475
317,gm007,CMS1s_475years_gm007,PEER NGA-West2,No - obtain from PEER NGA-West2 (https://ngawest2.berkeley.edu),1756,San Juan Bautista,1998,Hollister - City Hall Annex,5.17, strike slip,13.49,272.8,1.59,9.8,19.8,1.0,475
318,gm008,CMS1s_475years_gm008,PEER NGA-West2,No - obtain from PEER NGA-West2 (https://ngawest2.berkeley.edu),8658,40204628,2007,San Jose; CHP Field Office Junction Ave; 1-story; ground level,5.45, strike slip,13.26,266.31,0.98,7.5,21.7,1.0,475
319,gm009,CMS1s_475years_gm009,PEER NGA-West2,No - obtain from PEER NGA-West2 (https://ngawest2.berkeley.edu),8659,40204628,2007,Campbell; Fire Station 11 Union Av; 2-story; ground level,5.45, strike slip,21.39,275.34,3.71,2.0,6.7,1.0,475
320,gm0010,CMS1s_475years_gm0010,PEER NGA-West2,No - obtain from PEER NGA-West2 (https://ngawest2.berkeley.edu),8887,14383980,2008,Santa Ana - I5 & 4th St,5.39, Reverse Oblique,25.13,305.54,3.13,5.5,13.9,1.0,475
321,gm001,CMS1s_975years_gm001,PEER NGA-West2,No - obtain from PEER NGA-West2 (https://ngawest2.berkeley.edu),154,Coyote Lake,1979,San Juan Bautista_ 24 Polk St,5.74, strike slip,19.7,335.5,2.35,6.9,15.1,1.0,975
322,gm002,CMS1s_975years_gm002,PEER NGA-West2,No - obtain from PEER NGA-West2 (https://ngawest2.berkeley.edu),339,Coalinga-01,1983,Parkfield - Fault Zone 15,6.36, Reverse,29.38,307.59,0.56,10.4,19.7,1.0,975
323,gm003,CMS1s_975years_gm003,PEER NGA-West2,No - obtain from PEER NGA-West2 (https://ngawest2.berkeley.edu),544,Chalfant Valley-01,1986,Bishop - LADWP South St,5.77, strike slip,23.47,303.47,1.46,12.1,21.7,1.0,975
324,gm004,CMS1s_975years_gm004,PEER NGA-West2,No - obtain from PEER NGA-West2 (https://ngawest2.berkeley.edu),649,Whittier Narrows-01,1987,La Habra - Briarcliff,5.99, Reverse Oblique,20.28,338.27,2.32,5.2,10.9,1.0,975
325,gm005,CMS1s_975years_gm005,PEER NGA-West2,No - obtain from PEER NGA-West2 (https://ngawest2.berkeley.edu),723,Superstition Hills-02,1987,Parachute Test Site,6.54, strike slip,0.95,348.69,0.29,8.1,11.0,1.0,975
326,gm006,CMS1s_975years_gm006,PEER NGA-West2,No - obtain from PEER NGA-West2 (https://ngawest2.berkeley.edu),3933,Tottori_ Japan,2000,SMN001,6.61, strike slip,14.42,331.0,1.73,5.4,11.9,1.0,975
327,gm007,CMS1s_975years_gm007,PEER NGA-West2,No - obtain from PEER NGA-West2 (https://ngawest2.berkeley.edu),4134,Parkfield-02_ CA,2004,Parkfield - Vineyard Cany 3W,6.0, strike slip,5.21,308.87,0.9,3.0,6.9,1.0,975
328,gm008,CMS1s_975years_gm008,PEER NGA-West2,No - obtain from PEER NGA-West2 (https://ngawest2.berkeley.edu),4138,Parkfield-02_ CA,2004,PARKFIELD - UPSAR 01,6.0, strike slip,10.08,357.79,1.26,6.2,16.7,1.0,975
329,gm009,CMS1s_975years_gm009,PEER NGA-West2,No - obtain from PEER NGA-West2 (https://ngawest2.berkeley.edu),4210,Niigata_ Japan,2004,NIG020,6.63, Reverse,8.47,331.63,0.43,6.6,95.9,1.0,975
330,gm0010,CMS1s_975years_gm0010,PEER NGA-West2,No - obtain from PEER NGA-West2 (https://ngawest2.berkeley.edu),4276,Friuli (aftershock 9)_ Italy,1976,Buia,5.5, Reverse,12.39,310.68,1.17,3.4,7.9,1.0,975
331,gm001,CMS1s_2475years_gm001,PEER NGA-West2,No - obtain from PEER NGA-West2 (https://ngawest2.berkeley.edu),364,Coalinga-01,1983,Parkfield - Vineyard Cany 4W,6.36, Reverse,34.45,386.19,2.89,6.8,20.6,1.0,2475
332,gm002,CMS1s_2475years_gm002,PEER NGA-West2,No - obtain from PEER NGA-West2 (https://ngawest2.berkeley.edu),1006,Northridge-01,1994,LA - UCLA Grounds,6.69, Reverse,22.49,398.42,1.47,5.8,11.3,1.0,2475
333,gm003,CMS1s_2475years_gm003,PEER NGA-West2,No - obtain from PEER NGA-West2 (https://ngawest2.berkeley.edu),2892,Chi-Chi_ Taiwan-04,1999,TCU120,6.2, strike slip,38.36,459.34,4.52,19.8,26.6,1.0,2475
334,gm004,CMS1s_2475years_gm004,PEER NGA-West2,No - obtain from PEER NGA-West2 (https://ngawest2.berkeley.edu),3468,Chi-Chi_ Taiwan-06,1999,TCU067,6.3, Reverse,24.67,433.63,4.17,10.3,22.8,1.0,2475
335,gm005,CMS1s_2475years_gm005,PEER NGA-West2,No - obtain from PEER NGA-West2 (https://ngawest2.berkeley.edu),3503,Chi-Chi_ Taiwan-06,1999,TCU122,6.3, Reverse,31.28,475.46,2.27,8.1,15.2,1.0,2475
336,gm006,CMS1s_2475years_gm006,PEER NGA-West2,No - obtain from PEER NGA-West2 (https://ngawest2.berkeley.edu),3753,Landers,1992,Fun Valley,7.28, strike slip,25.02,388.63,1.51,22.7,29.6,1.0,2475
337,gm007,CMS1s_2475years_gm007,PEER NGA-West2,No - obtain from PEER NGA-West2 (https://ngawest2.berkeley.edu),4031,San Simeon_ CA,2003,Templeton - 1-story Hospital,6.52, Reverse,6.22,410.66,1.02,3.3,10.3,1.0,2475
338,gm008,CMS1s_2475years_gm008,PEER NGA-West2,No - obtain from PEER NGA-West2 (https://ngawest2.berkeley.edu),4871,Chuetsu-oki_ Japan,2007,Shiozawa Building_ Minamiunuma,6.8, Reverse,41.75,425.06,0.97,10.6,18.9,1.0,2475
339,gm009,CMS1s_2475years_gm009,PEER NGA-West2,No - obtain from PEER NGA-West2 (https://ngawest2.berkeley.edu),5270,Chuetsu-oki_ Japan,2007,NIG024,6.8, Reverse,25.33,375.22,1.53,5.4,15.8,1.0,2475
340,gm0010,CMS1s_2475years_gm0010,PEER NGA-West2,No - obtain from PEER NGA-West2 (https://ngawest2.berkeley.edu),8157,Christchurch_ New Zealand,2011,Heathcote Valley Primary School,6.2, Reverse Oblique,3.36,422.0,0.47,3.3,6.0,1.0,2475
341,gm001,CMS1s_5000years_gm001,PEER NGA-West2,No - obtain from PEER NGA-West2 (https://ngawest2.berkeley.edu),57,San Fernando,1971,Castaic - Old Ridge Route,6.61, Reverse,22.63,450.28,1.92,10.6,16.8,1.0,5000
342,gm002,CMS1s_5000years_gm002,PEER NGA-West2,No - obtain from PEER NGA-West2 (https://ngawest2.berkeley.edu),802,Loma Prieta,1989,Saratoga - Aloha Ave,6.93, Reverse Oblique,8.5,380.89,1.3,4.1,9.4,1.0,5000
343,gm003,CMS1s_5000years_gm003,PEER NGA-West2,No - obtain from PEER NGA-West2 (https://ngawest2.berkeley.edu),982,Northridge-01,1994,Jensen Filter Plant Administrative Building,6.69, Reverse,5.43,373.07,0.36,4.0,12.5,1.0,5000
344,gm004,CMS1s_5000years_gm004,PEER NGA-West2,No - obtain from PEER NGA-West2 (https://ngawest2.berkeley.edu),1019,Northridge-01,1994,Lake Hughes #1,6.69, Reverse,35.81,425.34,2.56,8.4,16.0,1.0,5000
345,gm005,CMS1s_5000years_gm005,PEER NGA-West2,No - obtain from PEER NGA-West2 (https://ngawest2.berkeley.edu),1283,Chi-Chi_ Taiwan,1999,HWA034,7.62, Reverse Oblique,44.32,379.18,4.19,10.5,20.1,1.0,5000
346,gm006,CMS1s_5000years_gm006,PEER NGA-West2,No - obtain from PEER NGA-West2 (https://ngawest2.berkeley.edu),3473,Chi-Chi_ Taiwan-06,1999,TCU078,6.3, Reverse,11.52,443.04,1.44,3.6,7.4,1.0,5000
347,gm007,CMS1s_5000years_gm007,PEER NGA-West2,No - obtain from PEER NGA-West2 (https://ngawest2.berkeley.edu),3751,Cape Mendocino,1992,South Bay Union School,7.01, Reverse,35.22,459.04,1.74,8.3,14.7,1.0,5000
348,gm008,CMS1s_5000years_gm008,PEER NGA-West2,No - obtain from PEER NGA-West2 (https://ngawest2.berkeley.edu),3759,Landers,1992,Whitewater Trout Farm,7.28, strike slip,27.05,425.02,4.36,23.2,33.4,1.0,5000
349,gm009,CMS1s_5000years_gm009,PEER NGA-West2,No - obtain from PEER NGA-West2 (https://ngawest2.berkeley.edu),3865,Chi-Chi_ Taiwan-06,1999,CHY006,6.3, Reverse,40.64,438.19,2.76,7.1,20.6,1.0,5000
350,gm0010,CMS1s_5000years_gm0010,PEER NGA-West2,No - obtain from PEER NGA-West2 (https://ngawest2.berkeley.edu),4451,Montenegro_ Yugoslavia,1979,Bar-Skupstina Opstine,7.1, Reverse,6.98,462.23,0.59,8.8,21.3,1.0,5000
